id_pitch,company,cuenta_normalizada,industria,grupo_economico,tier_cuenta,nombre_pitch,service_name,servicio_normalizado,label_corto,familia,subfamilia,capability,origen,pilar,pilar_crm,discrepancia_pilar,modalidad,ticket_tipo,grupo_sustitucion,regla_grupo,nivel,srp_eur,activo,fase_cruda,estado,categoria,orden_estado,es_abierto,fecha_brief,fecha_resolucion,fecha_referencia,anio,trimestre,moneda_local,precio_moneda_local,tasa_cambio,precio_eur,costo_csa,bonificado,contacto,comentarios
P0112,CLARO,Claro,Telco,America Movil,Estrategica,CLARO: Feed GenAI 2025 - Chile,Shopping Insider / Feed AI,Shopping Insider,Shopping Insider,Data Management & Engineering,Feed Optimization,Tech,Google,CSA - Tech,CSA - Tech,False,Proyecto,Bajo,Shopping Feed,EXCLUSIVO,2,2090.9090909090905,True,10.Lost,Perdido,PERDIDO,6,False,2025-04-30,2025-06-30,2025-06-30,2025,2025Q2,CLP,5000000.0,1185.1,4219.05,847.0,False,,CAMILA LEAL
P0113,CLARO,Claro,Telco,America Movil,Estrategica,CLARO: Custom Bidding DV360 2025 - Chile,Custom Bidding,Custom Bidding,Custom Bidding,Tech Consulting,Custom Bidding,Tech,Google,CSA - Tech,CSA - Tech,False,Proyecto,Bajo,solo:Custom Bidding,ACUMULABLE,1,2090.9090909090905,True,10.Lost,Perdido,PERDIDO,6,False,2025-03-25,2025-07-27,2025-07-27,2025,2025Q3,CLP,8219970.0,1185.1,6936.1,909.0,True,,CAMILA LEAL
P0114,CLARO,Claro,Telco,America Movil,Estrategica,CLARO: Auditoría ObsPoint 2025 - Chile,Tech Services Ad Hoc,Tech Services Ad Hoc,Tech Services Ad Hoc,Tech Consulting,Ad Hoc Services,Tech,Latam COE,CSA - Tech,CSA - Tech,False,Recurrente,A cotizar,solo:Tech Services Ad Hoc,ACUMULABLE,1,,True,10.Lost,Perdido,PERDIDO,6,False,2025-06-09,2025-09-09,2025-09-09,2025,2025Q3,CLP,18620000.0,1185.1,15711.75,,False,,CAMILA LEAL
P0109,CLARO,Claro,Telco,America Movil,Estrategica,CLARO: GeoLift 2025 - Chile,Geolift,Geolift,Geolift,Measurement & Attribution,Geolift,Science,Global COE,CSA - Science,CSA - Science,False,Proyecto,Medio,Geo Incrementalidad,EXCLUSIVO,1,3909.0909090909086,True,10.Lost,Perdido,PERDIDO,6,False,2025-06-09,2025-09-30,2025-09-30,2025,2025Q3,CLP,4300000.0,1185.1,3628.39,1736.0,False,,CAMILA LEAL
P0111,CLARO,Claro,Telco,America Movil,Estrategica,CLARO: Performance Powered Conversions (ECL) 2025 - Chile,Performance Powered Conversions (ECL),Perf. Powered Conv.,Perf. Powered Conv.,Tech Consulting,Enhance Conversions,Tech,Google,CSA - Tech,CSA - Tech,False,Proyecto,Bajo,solo:Performance Powered Conversions (ECL),ACUMULABLE,1,2454.5454545454545,True,10.Lost,Perdido,PERDIDO,6,False,2025-07-24,2025-10-20,2025-10-20,2025,2025Q4,CLP,1935822.0,1185.1,1633.47,1091.0,True,,CAMILA LEAL
P0084,CLARO,Claro,Telco,America Movil,Estrategica,CLARO: MMM Meridian 2026 - Chile,Meridian Google Founds,Meridian,Meridian,Measurement & Attribution,MMM,Science,Google,CSA - Science,CSA - Science,False,Proyecto,Alto,MMM,EXCLUSIVO,2,63636.36363636363,True,6.Won,Ganado,GANADO,1,False,2026-02-11,2025-12-01,2025-12-01,2025,2025Q4,CLP,23367541.0,1185.1,19717.78,9245.0,True,,CAMILA LEAL
P0110,CLARO,Claro,Telco,America Movil,Estrategica,CLARO: C-GenAI 2025 - Chile,C-GenIA,C-GenIA,C-GenIA,Creative Testing,AI Content Creation,Creative Tech,Latam COE,CSA - Science,CSA - Tech,True,Proyecto,A cotizar,C-GenIA,ESCALABLE,2,,False,10.Lost,Perdido,PERDIDO,6,False,2025-08-27,2025-12-27,2025-12-27,2025,2025Q4,CLP,29997200.0,1185.1,25311.96,,False,,CAMILA LEAL
P0046,CLARO,Claro,Telco,America Movil,Estrategica,CLARO: Data Analyst Local 2026 - Chile,People data fee Media,People data fee Media,People data fee Media,Tech Consulting,FTE,BI Services,Latam COE,CSA - Tech,CSA - Tech,False,Recurrente,A cotizar,solo:People data fee Media,ACUMULABLE,1,,True,6.Won,Ganado,GANADO,1,False,2026-01-01,2026-01-01,2026-01-01,2026,2026Q1,CLP,15786516.0,1185.1,13320.83,,,Rodrigo Sahr,CAMILA LEAL
P0055,CLARO,Claro,Telco,America Movil,Estrategica,CLARO: Online Data Optimization 2026 - Chile,Online Data Optimization - sites with E-commerce,ODO E-commerce,ODO E-commerce,Tech Consulting,GA4,Tech,Google,CSA - Tech,CSA - Tech,False,Proyecto,Alto,ODO,EXCLUSIVO,1,7909.090909090908,True,6.Won,Ganado,GANADO,1,False,2026-01-22,2026-01-01,2026-01-01,2026,2026Q1,CLP,6555984.0,1185.1,5532.01,3305.0,False,,CAMILA LEAL
P0083,CLARO,Claro,Telco,America Movil,Estrategica,CLARO: FEE SA360 Diciembre 2025 - Chile,Licencias SA/DV360,Licencias SA/DV360,Licencias SA/DV360,Tech Consulting,Licencias,Consulting,Google,CSA - Tech,CSA - Tech,False,Licencia,A cotizar,solo:Licencias SA/DV360,ACUMULABLE,1,,True,6.Won,Ganado,GANADO,1,False,2026-02-11,2026-01-31,2026-01-31,2026,2026Q1,CLP,7197010.0,1185.1,6072.91,,False,,CAMILA LEAL
P0082,CLARO,Claro,Telco,America Movil,Estrategica,CLARO: FEE SA360 2026 - Chile,Licencias SA/DV360,Licencias SA/DV360,Licencias SA/DV360,Tech Consulting,Licencias,Consulting,Google,CSA - Tech,CSA - Tech,False,Licencia,A cotizar,solo:Licencias SA/DV360,ACUMULABLE,1,,True,6.Won,Ganado,GANADO,1,False,2026-02-11,2026-02-28,2026-02-28,2026,2026Q1,CLP,22376953.0,1185.1,18881.91,,False,,CAMILA LEAL
P0063,CLARO,Claro,Telco,America Movil,Estrategica,CLARO: Licencia GA4 360 2026 - Chile,Licencias GA4 360,Licencias GA4 360,Licencias GA4 360,Tech Consulting,Licencias,Consulting,Google,CSA - Tech,CSA - Tech,False,Licencia,A cotizar,solo:Licencias GA4 360,ACUMULABLE,1,,True,2.Prospecting,Prospectado,ABIERTO,4,True,2026-04-01,,2026-04-01,2026,2026Q2,CLP,30000000.0,1185.1,25314.32,,False,Pablo Lavin,CAMILA LEAL
P0064,CLARO,Claro,Telco,America Movil,Estrategica,CLARO: Google Tech 2026 - Chile,Tech Services Ad Hoc,Tech Services Ad Hoc,Tech Services Ad Hoc,Tech Consulting,Ad Hoc Services,Tech,Latam COE,CSA - Tech,CSA - Tech,False,Recurrente,A cotizar,solo:Tech Services Ad Hoc,ACUMULABLE,1,,True,5.Pitching,En pitch,ABIERTO,2,True,2026-04-01,,2026-04-01,2026,2026Q2,CLP,29210706.0,1185.1,24648.3,,False,Alejandro Levy,CAMILA LEAL
P0065,CLARO,Claro,Telco,America Movil,Estrategica,CLARO: Dashboard + Licencia SEO 2026 - Chile,Consulting Ad Hoc,Consulting Ad Hoc,Consulting Ad Hoc,Tech Consulting,Ad Hoc Services,Consulting,Latam COE,CSA - Tech,CSA - Tech,False,Recurrente,A cotizar,solo:Consulting Ad Hoc,ACUMULABLE,1,,True,6.Won,Ganado,GANADO,1,False,2026-04-01,2026-04-13,2026-04-13,2026,2026Q2,CLP,5400000.0,1185.1,4556.58,,False,Pablo Lavin,CAMILA LEAL
P0060,CLARO,Claro,Telco,America Movil,Estrategica,CLARO: Actualización de Nested Movil 2026 - Chile,Nested (MMM + BEM) without Data Collection,Nested MMM+BEM,Nested MMM+BEM,Measurement & Attribution,Nested Model,Science,Latam COE,CSA - Science,CSA - Science,False,Proyecto,Alto,MMM,EXCLUSIVO,2,31181.81818181818,True,8.On Hold,En pausa,ABIERTO,3,True,2026-03-23,2026-04-17,2026-04-17,2026,2026Q2,CLP,21707623.0,1185.1,18317.12,13102.0,,German Ausensi,CAMILA LEAL
P0028,CLARO,Claro,Telco,America Movil,Estrategica,CLARO: MIM 2026 - Chile,MIM Bayesiano,MIM Bayesiano,MIM Bayesiano,Measurement & Attribution,Attribution,Science,Global COE,CSA - Science,CSA - Science,False,Proyecto,Alto,Atribucion Digital,EXCLUSIVO,1,40000.0,True,10.Lost,Perdido,PERDIDO,6,False,2026-06-05,2026-06-05,2026-06-05,2026,2026Q2,CLP,47303472.0,1185.1,39915.17,16803.0,,Alejandro Levy,CAMILA LEAL
P0048,COPEC FLUX,Copec Flux,Energia & Combustibles,Copec,Estrategica,COPEC FLUX: Consultoría Analítica 2026 - Chile,Consulting Ad Hoc,Consulting Ad Hoc,Consulting Ad Hoc,Tech Consulting,Ad Hoc Services,Consulting,Latam COE,CSA - Tech,CSA - Tech,False,Recurrente,A cotizar,solo:Consulting Ad Hoc,ACUMULABLE,1,,True,6.Won,Ganado,GANADO,1,False,2026-01-01,2026-01-01,2026-01-01,2026,2026Q1,CLP,5021600.0,1185.1,4237.28,,,Natalia Briones,"<span style=""color:rgb(51, 51, 51);"">CAROLINA CABRERA</span>"
P0049,COPEC FLUX,Copec Flux,Energia & Combustibles,Copec,Estrategica,COPEC FLUX: Herramienta de auditoría 2026 - Chile,Consulting Ad Hoc,Consulting Ad Hoc,Consulting Ad Hoc,Tech Consulting,Ad Hoc Services,Consulting,Latam COE,CSA - Tech,CSA - Tech,False,Recurrente,A cotizar,solo:Consulting Ad Hoc,ACUMULABLE,1,,True,10.Lost,Perdido,PERDIDO,6,False,2026-01-01,2026-01-01,2026-01-01,2026,2026Q1,CLP,2765460.0,1185.1,2333.52,,,Natalia Briones,OLGA OCHOA
P0087,COPEC FLUX,Copec Flux,Energia & Combustibles,Copec,Estrategica,COPEC FLUX: BI Analytics 2025 - Chile,BI Services,BI Services,BI Services,Tech Consulting,Ad Hoc Services,BI Services,Latam COE,CSA - Tech,CSA - Science,True,Proyecto,A cotizar,solo:BI Services,ACUMULABLE,1,,True,10.Lost,Perdido,PERDIDO,6,False,2026-03-06,2026-03-05,2026-03-05,2026,2026Q1,CLP,3197534.0,1185.1,2698.11,,False,,"<span style=""color:rgb(51, 51, 51);"">CAROLINA CABRERA</span>"
P0067,COPEC FLUX,Copec Flux,Energia & Combustibles,Copec,Estrategica,COPEC FLUX: LICENCIA GA360 2025 - Chile,Licencias GA4 360,Licencias GA4 360,Licencias GA4 360,Tech Consulting,Licencias,Consulting,Google,CSA - Tech,CSA - Tech,False,Licencia,A cotizar,solo:Licencias GA4 360,ACUMULABLE,1,,True,10.Lost,Perdido,PERDIDO,6,False,2026-03-06,2026-04-27,2026-04-27,2026,2026Q2,CLP,30129600.0,1185.1,25423.68,,False,,OLGA OCHOA
P0088,COPEC FLUX,Copec Flux,Energia & Combustibles,Copec,Estrategica,COPEC FLUX: Advance Analytics 2026 - Chile,Online Data Optimization - Basic,ODO Basic,ODO Basic,Tech Consulting,GA4,Tech,Google,CSA - Tech,CSA - Tech,False,Proyecto,Bajo,ODO,EXCLUSIVO,1,3272.7272727272725,True,6.Won,Ganado,GANADO,1,False,2026-03-06,2026-05-03,2026-05-03,2026,2026Q2,CLP,3197534.0,1185.1,2698.11,1455.0,False,,CAROLINA CABRERA
P0043,COPEC FLUX,Copec Flux,Energia & Combustibles,Copec,Estrategica,COPEC FLUX: Pivoty 2026 - Chile,C-GenIA - Basic (200 images) per month,C-GenIA Basic Mensual,C-GenIA Basic Mensual,Platform Management & Operation,AI Content Creation,Tech,Latam COE,CSA - Tech,CSA - Tech,False,Mensual,Bajo,C-GenIA,ESCALABLE,1,1636.3636363636363,True,5.Pitching,En pitch,ABIERTO,2,True,2026-05-20,2026-05-20,2026-05-20,2026,2026Q2,CLP,11449248.0,1185.1,9661.0,665.0,,Natalia Briones,"<span style=""color:rgb(51, 51, 51);"">CAROLINA CABRERA</span>"
P0014,COPEC FLUX,Copec Flux,Energia & Combustibles,Copec,Estrategica,COPEC FLUX: Ajuste Data layer 2026 - Chile,Consulting Ad Hoc,Consulting Ad Hoc,Consulting Ad Hoc,Tech Consulting,Ad Hoc Services,Consulting,Latam COE,CSA - Tech,CSA - Tech,False,Recurrente,A cotizar,solo:Consulting Ad Hoc,ACUMULABLE,1,,True,5.Pitching,En pitch,ABIERTO,2,True,2026-07-20,2026-07-21,2026-07-21,2026,2026Q3,CLP,1000000.0,1185.1,843.81,,,Natalia Briones,VICTORIA GIL
P0003,COPEC FLUX,Copec Flux,Energia & Combustibles,Copec,Estrategica,COPEC FLUX: Advanced Analytics + A/B Test 2026 - Chile,Tech Services Ad Hoc,Tech Services Ad Hoc,Tech Services Ad Hoc,Tech Consulting,Ad Hoc Services,Tech,Latam COE,CSA - Tech,CSA - Tech,False,Recurrente,A cotizar,solo:Tech Services Ad Hoc,ACUMULABLE,1,,True,8.On Hold,En pausa,ABIERTO,3,True,2026-08-17,2026-08-25,2026-08-25,2026,2026Q3,CLP,4519440.0,1185.1,3813.55,,False,Natalia Briones,
P0004,COPEC FLUX,Copec Flux,Energia & Combustibles,Copec,Estrategica,COPEC FLUX: Horas Consulting 2026 - Chile,Consulting Ad Hoc,Consulting Ad Hoc,Consulting Ad Hoc,Tech Consulting,Ad Hoc Services,Consulting,Latam COE,CSA - Tech,CSA - Tech,False,Recurrente,A cotizar,solo:Consulting Ad Hoc,ACUMULABLE,1,,True,6.Won,Ganado,GANADO,1,False,2026-08-17,2026-08-25,2026-08-25,2026,2026Q3,CLP,2671491.0,1185.1,2254.23,,,Natalia Briones,
P0008,CRUZ VERDE,Cruz Verde,Retail Farmacia,SIF,Emergente,CRUZ VERDE: 5 MMM Full 2026 - Chile,MMM Marketing Mix Modeling (without data collection process),MMM Full,MMM Full,Measurement & Attribution,MMM,Science,Latam COE,CSA - Science,CSA - Science,False,Proyecto,Alto,MMM,EXCLUSIVO,1,20545.454545454544,True,2.Prospecting,Prospectado,ABIERTO,4,True,2026-08-05,2026-08-05,2026-08-05,2026,2026Q3,CLP,64123823.0,1185.1,54108.36,,,-,GONZALO PARRA
P0002,DECATHLON,Decathlon,Retail Deportes,Decathlon,Emergente,DECATHLON: Servicio de Social Listening 2026 - Chile,Consulting Ad Hoc,Consulting Ad Hoc,Consulting Ad Hoc,Tech Consulting,Ad Hoc Services,Consulting,Latam COE,CSA - Tech,CSA - Tech,False,Recurrente,A cotizar,solo:Consulting Ad Hoc,ACUMULABLE,1,,True,5.Pitching,En pitch,ABIERTO,2,True,2026-08-27,2026-08-27,2026-08-27,2026,2026Q3,CLP,3834000.0,1185.1,3235.17,,,Paula Ramos,ALEJANDRA ULLOA
P0108,ENEX,Enex,Energia & Combustibles,Quinenco,Desarrollo,ENEX: Marcaje Avanzado App Micopiloto 2025 - Chile,Tech Services Ad Hoc,Tech Services Ad Hoc,Tech Services Ad Hoc,Tech Consulting,Ad Hoc Services,Tech,Latam COE,CSA - Tech,CSA - Tech,False,Recurrente,A cotizar,solo:Tech Services Ad Hoc,ACUMULABLE,1,,True,10.Lost,Perdido,PERDIDO,6,False,2025-06-16,2025-08-30,2025-08-30,2025,2025Q3,CLP,4931737.0,1185.1,4161.45,,False,,ALEJANDRA ULLOA
P0092,ENEX,Enex,Energia & Combustibles,Quinenco,Desarrollo,ENEX: Perfil de negocio 2026 - Chile,Consulting Ad Hoc,Consulting Ad Hoc,Consulting Ad Hoc,Tech Consulting,Ad Hoc Services,Consulting,Latam COE,CSA - Tech,CSA - Tech,False,Recurrente,A cotizar,solo:Consulting Ad Hoc,ACUMULABLE,1,,True,6.Won,Ganado,GANADO,1,False,2026-02-11,2026-01-01,2026-01-01,2026,2026Q1,CLP,973267.0,1185.1,821.25,,False,,ALEJANDRA ULLOA
P0001,ENEX,Enex,Energia & Combustibles,Quinenco,Desarrollo,ENEX: Servicio de Social Listening 2026 - Chile,Consulting Ad Hoc,Consulting Ad Hoc,Consulting Ad Hoc,Tech Consulting,Ad Hoc Services,Consulting,Latam COE,CSA - Tech,CSA - Tech,False,Recurrente,A cotizar,solo:Consulting Ad Hoc,ACUMULABLE,1,,True,5.Pitching,En pitch,ABIERTO,2,True,2026-08-27,2026-08-27,2026-08-27,2026,2026Q3,CLP,3834000.0,1185.1,3235.17,,,-,ALEJANDRA ULLOA
P0017,ESCUELA DE COMERCIO Y SERVICIO,Escuela de Comercio y Servicio,Educacion,Independiente,Emergente,ESCUELA DE COMERCIO Y SERVICIO: Validación y conciliación de inversión 2026 - Chile,Consulting Ad Hoc,Consulting Ad Hoc,Consulting Ad Hoc,Tech Consulting,Ad Hoc Services,Consulting,Latam COE,CSA - Tech,CSA - Tech,False,Recurrente,A cotizar,solo:Consulting Ad Hoc,ACUMULABLE,1,,True,5.Pitching,En pitch,ABIERTO,2,True,2026-07-17,2026-07-17,2026-07-17,2026,2026Q3,CLP,15194262.0,1185.1,12821.08,,,Fernando Martinez,GONZALO PARRA
P0041,ESMAX,Esmax,Energia & Combustibles,Esmax,Desarrollo,ESMAX: Tech & Analytics Specialist Local 2026 - Chile,People data fee Media,People data fee Media,People data fee Media,Tech Consulting,FTE,BI Services,Latam COE,CSA - Tech,CSA - Tech,False,Recurrente,A cotizar,solo:People data fee Media,ACUMULABLE,1,,True,10.Lost,Perdido,PERDIDO,6,False,2026-05-11,2026-01-01,2026-01-01,2026,2026Q1,CLP,5493384.0,1185.1,4635.38,,,Nicole Pauliac,CAROLA OYARZO
P0093,ESMAX,Esmax,Energia & Combustibles,Esmax,Desarrollo,ESMAX: MMM Aramco 2025 - Chile,MMM Lite,MMM Lite,MMM Lite,Measurement & Attribution,MMM,Science,Latam COE,CSA - Science,CSA - Science,False,Proyecto,Alto,MMM,EXCLUSIVO,1,12909.090909090908,True,6.Won,Ganado,GANADO,1,False,2026-01-28,2026-02-04,2026-02-04,2026,2026Q1,CLP,14663101.0,1185.1,12372.88,5818.0,False,,CAROLA OYARZO
P0052,ESMAX,Esmax,Energia & Combustibles,Esmax,Desarrollo,ESMAX: ABCD Detector ARAMCO 2026 - Chile,ABCD Detector - Basic (20 Videos) per month,ABCD Basic Mensual,ABCD Basic Mensual,Tech Consulting,AI Video,Creative Tech,Latam COE,CSA - Tech,CSA - Tech,False,Mensual,Bajo,ABCD Detector,ESCALABLE,1,636.3636363636363,True,2.Prospecting,Prospectado,ABIERTO,4,True,2026-03-30,2026-04-30,2026-04-30,2026,2026Q2,CLP,4200000.0,1185.1,3544.0,251.0,,Nicole Pauliac,CAROLA OYARZO
P0039,ESMAX,Esmax,Energia & Combustibles,Esmax,Desarrollo,ESMAX: Pivoty 2026 - Chile,C-GenIA - Basic (200 images) per month,C-GenIA Basic Mensual,C-GenIA Basic Mensual,Platform Management & Operation,AI Content Creation,Tech,Latam COE,CSA - Tech,CSA - Tech,False,Mensual,Bajo,C-GenIA,ESCALABLE,1,1636.3636363636363,True,10.Lost,Perdido,PERDIDO,6,False,2026-05-20,2026-05-20,2026-05-20,2026,2026Q2,CLP,11449248.0,1185.1,9661.0,665.0,,Francisca Rojas,CAROLA OYARZO
P0042,ESMAX,Esmax,Energia & Combustibles,Esmax,Desarrollo,ESMAX: Data Analyst Local 2026 - Chile,People data fee Media,People data fee Media,People data fee Media,Tech Consulting,FTE,BI Services,Latam COE,CSA - Tech,CSA - Tech,False,Recurrente,A cotizar,solo:People data fee Media,ACUMULABLE,1,,True,10.Lost,Perdido,PERDIDO,6,False,2026-05-11,2026-07-01,2026-07-01,2026,2026Q3,CLP,4826271.0,1185.1,4072.46,,,Nicole Pauliac,CAROLA OYARZO
P0107,ESMAX,Esmax,Energia & Combustibles,Esmax,Desarrollo,ESMAX: Panel de GMB 2025 - Chile,Tech Services Ad Hoc,Tech Services Ad Hoc,Tech Services Ad Hoc,Tech Consulting,Ad Hoc Services,Tech,Latam COE,CSA - Tech,CSA - Tech,False,Recurrente,A cotizar,solo:Tech Services Ad Hoc,ACUMULABLE,1,,True,10.Lost,Perdido,PERDIDO,6,False,2025-07-25,2026-07-20,2026-07-20,2026,2026Q3,CLP,2949824.0,1185.1,2489.09,,False,,CAROLA OYARZO
P0094,GAES,GAES,Salud,Amplifon,Emergente,GAES: Servicio SEO 2025 - Chile,SEO,SEO,SEO,Tech Consulting,Others Units,SEO,Latam COE,CSA - Tech,CSA - Tech,False,Proyecto,A cotizar,solo:SEO,ACUMULABLE,1,,True,10.Lost,Perdido,PERDIDO,6,False,2025-12-05,2025-12-30,2025-12-30,2025,2025Q4,CLP,49651344.0,1185.1,41896.33,,False,,VICTORIA GIL
P0040,GASCO,Gasco,Energia & Combustibles,Gasco,Emergente,GASCO: Pivoty 2026 - Chile,C-GenIA - Basic (200 images) per month,C-GenIA Basic Mensual,C-GenIA Basic Mensual,Platform Management & Operation,AI Content Creation,Tech,Latam COE,CSA - Tech,CSA - Tech,False,Mensual,Bajo,C-GenIA,ESCALABLE,1,1636.3636363636363,True,2.Prospecting,Prospectado,ABIERTO,4,True,2026-05-20,2026-05-20,2026-05-20,2026,2026Q2,CLP,11449248.0,1185.1,9661.0,665.0,,-,ALEJANDRA ULLOA
P0106,GILDEMEISTER,Gildemeister,Automotriz,Gildemeister,Estrategica,GILDEMEISTER: Creative GenAI 2025 - Chile,C-GenIA,C-GenIA,C-GenIA,Creative Testing,AI Content Creation,Creative Tech,Latam COE,CSA - Science,CSA - Tech,True,Proyecto,A cotizar,C-GenIA,ESCALABLE,2,,False,10.Lost,Perdido,PERDIDO,6,False,2025-08-11,2025-12-27,2025-12-27,2025,2025Q4,CLP,21693312.0,1185.1,18305.05,,False,,CAROLINA CABRERA
P0077,GILDEMEISTER,Gildemeister,Automotriz,Gildemeister,Estrategica,GILDEMEISTER: CAPI: JAC 2025 - Chile,CAPI x Gateway by CSA - look for special ratecard,CAPI x Gateway,CAPI x Gateway,Data Management & Engineering,Server Side Solutions,Tech,META,CSA - Tech,CSA - Tech,False,Proyecto,A cotizar,CAPI Implementacion,EXCLUSIVO,1,,True,6.Won,Ganado,GANADO,1,False,2026-02-11,2026-01-01,2026-01-01,2026,2026Q1,CLP,2350109.0,1185.1,1983.05,,False,,ALEJANDRA ULLOA
P0078,GILDEMEISTER,Gildemeister,Automotriz,Gildemeister,Estrategica,GILDEMEISTER: CAPI Hyundai 2025 - Chile,CAPI x Gateway by CSA - look for special ratecard,CAPI x Gateway,CAPI x Gateway,Data Management & Engineering,Server Side Solutions,Tech,META,CSA - Tech,CSA - Tech,False,Proyecto,A cotizar,CAPI Implementacion,EXCLUSIVO,1,,True,6.Won,Ganado,GANADO,1,False,2026-02-11,2026-01-01,2026-01-01,2026,2026Q1,CLP,2350109.0,1185.1,1983.05,,False,,CAROLINA CABRERA
P0071,GILDEMEISTER,Gildemeister,Automotriz,Gildemeister,Estrategica,GILDEMEISTER: MMM Lite HYUNDAI 2025 - Chile,MMM Lite,MMM Lite,MMM Lite,Measurement & Attribution,MMM,Science,Latam COE,CSA - Science,CSA - Science,False,Proyecto,Alto,MMM,EXCLUSIVO,1,12909.090909090908,True,10.Lost,Perdido,PERDIDO,6,False,2026-02-24,2026-02-24,2026-02-24,2026,2026Q1,CLP,11706480.0,1185.1,9878.05,5818.0,False,,JOSE VALDES
P0072,GILDEMEISTER,Gildemeister,Automotriz,Gildemeister,Estrategica,GILDEMEISTER: MMM Lite JAC 2025 - Chile,MMM Lite,MMM Lite,MMM Lite,Measurement & Attribution,MMM,Science,Latam COE,CSA - Science,CSA - Science,False,Proyecto,Alto,MMM,EXCLUSIVO,1,12909.090909090908,True,10.Lost,Perdido,PERDIDO,6,False,2026-02-24,2026-02-24,2026-02-24,2026,2026Q1,CLP,11706480.0,1185.1,9878.05,5818.0,False,,ALEJANDRA ULLOA
P0089,GILDEMEISTER,Gildemeister,Automotriz,Gildemeister,Estrategica,GILDEMEISTER: Training GA4 2025 - Chile,Consulting Ad Hoc,Consulting Ad Hoc,Consulting Ad Hoc,Tech Consulting,Ad Hoc Services,Consulting,Latam COE,CSA - Tech,CSA - Tech,False,Recurrente,A cotizar,solo:Consulting Ad Hoc,ACUMULABLE,1,,True,6.Won,Ganado,GANADO,1,False,2026-02-25,2026-02-25,2026-02-25,2026,2026Q1,CLP,1800000.0,1185.1,1518.86,,False,,CAROLINA CABRERA
P0061,GILDEMEISTER,Gildemeister,Automotriz,Gildemeister,Estrategica,GILDEMEISTER: Licencia GA360,Licencias GA4 360,Licencias GA4 360,Licencias GA4 360,Tech Consulting,Licencias,Consulting,Google,CSA - Tech,CSA - Tech,False,Licencia,A cotizar,solo:Licencias GA4 360,ACUMULABLE,1,,True,2.Prospecting,Prospectado,ABIERTO,4,True,2026-04-01,,2026-04-01,2026,2026Q2,CLP,30000000.0,1185.1,25314.32,,False,Nicolas Baldwin,ALEJANDRA ULLOA
P0059,GILDEMEISTER,Gildemeister,Automotriz,Gildemeister,Estrategica,GILDEMEISTER: SEO Local 2026 - Chile,SEO,SEO,SEO,Tech Consulting,Others Units,SEO,Latam COE,CSA - Tech,CSA - Tech,False,Proyecto,A cotizar,solo:SEO,ACUMULABLE,1,,True,8.On Hold,En pausa,ABIERTO,3,True,2026-03-19,2026-04-13,2026-04-13,2026,2026Q2,CLP,18730568.0,1185.1,15805.05,,,Javiera Carmona,ALEJANDRA ULLOA
P0034,GILDEMEISTER,Gildemeister,Automotriz,Gildemeister,Estrategica,GILDEMEISTER: Advanced analytics GAC 2026 - Chile,Consulting Ad Hoc,Consulting Ad Hoc,Consulting Ad Hoc,Tech Consulting,Ad Hoc Services,Consulting,Latam COE,CSA - Tech,CSA - Tech,False,Recurrente,A cotizar,solo:Consulting Ad Hoc,ACUMULABLE,1,,True,6.Won,Ganado,GANADO,1,False,2026-05-27,2026-06-10,2026-06-10,2026,2026Q2,CLP,1506480.0,1185.1,1271.18,,,Jaime Valdes,"<span style=""color:rgb(51, 51, 51);"">CAROLINA CABRERA</span>"
P0035,GILDEMEISTER,Gildemeister,Automotriz,Gildemeister,Estrategica,GILDEMEISTER: Enhanced conversions GAC 2026 - Chile,Performance Powered Conversions (ECL),Perf. Powered Conv.,Perf. Powered Conv.,Tech Consulting,Enhance Conversions,Tech,Google,CSA - Tech,CSA - Tech,False,Proyecto,Bajo,solo:Performance Powered Conversions (ECL),ACUMULABLE,1,2454.5454545454545,True,6.Won,Ganado,GANADO,1,False,2026-05-07,2026-06-10,2026-06-10,2026,2026Q2,CLP,903888.0,1185.1,762.71,1017.0,,Jaime Valdes,"<span style=""color:rgb(51, 51, 51);"">CAROLINA CABRERA</span>"
P0036,GILDEMEISTER,Gildemeister,Automotriz,Gildemeister,Estrategica,GILDEMEISTER: CAPI GAC 2026 - Chile,CAPI x Gateway by CSA - look for special ratecard,CAPI x Gateway,CAPI x Gateway,Data Management & Engineering,Server Side Solutions,Tech,META,CSA - Tech,CSA - Tech,False,Proyecto,A cotizar,CAPI Implementacion,EXCLUSIVO,1,,True,6.Won,Ganado,GANADO,1,False,2026-05-07,2026-06-10,2026-06-10,2026,2026Q2,CLP,711059.0,1185.1,600.0,,,Jaime Valdes,"<span style=""color:rgb(51, 51, 51);"">CAROLINA CABRERA</span>"
P0009,GILDEMEISTER,Gildemeister,Automotriz,Gildemeister,Estrategica,GILDEMEISTER: Seguimiento de Medicion Mahindra 2026 - Chile,BI Services,BI Services,BI Services,Tech Consulting,Ad Hoc Services,BI Services,Latam COE,CSA - Tech,CSA - Tech,False,Proyecto,A cotizar,solo:BI Services,ACUMULABLE,1,,True,5.Pitching,En pitch,ABIERTO,2,True,2026-08-03,,2026-08-03,2026,2026Q3,CLP,315356.0,1185.1,266.1,,,Jaime Valdes,
P0010,GILDEMEISTER,Gildemeister,Automotriz,Gildemeister,Estrategica,GILDEMEISTER: Seguimiento de Medicion GAC 2026 - Chile,BI Services,BI Services,BI Services,Tech Consulting,Ad Hoc Services,BI Services,Latam COE,CSA - Tech,CSA - Tech,False,Proyecto,A cotizar,solo:BI Services,ACUMULABLE,1,,True,6.Won,Ganado,GANADO,1,False,2026-07-07,2026-08-03,2026-08-03,2026,2026Q3,CLP,315356.0,1185.1,266.1,,,Jaime Valdes,
P0073,INCHAPE AMERICAS,Inchcape Americas,Automotriz,Inchcape,Desarrollo,INCHAPE AMERICAS: MMM Lite 2025 - Chile,MMM Lite,MMM Lite,MMM Lite,Measurement & Attribution,MMM,Science,Latam COE,CSA - Science,CSA - Science,False,Proyecto,Alto,MMM,EXCLUSIVO,1,12909.090909090908,True,10.Lost,Perdido,PERDIDO,6,False,2026-02-24,2026-02-24,2026-02-24,2026,2026Q1,CLP,24000000.0,1185.1,20251.46,5818.0,False,,RAFAEL ARGUELLO
P0029,INCHAPE AMERICAS,Inchcape Americas,Automotriz,Inchcape,Desarrollo,INCHAPE AMERICAS: Curvas de saturación 2026 - Chile,Curves Base contract: 4 channels/2 updates,Curves Base,Curves Base,Measurement & Attribution,Investment Curves,Science,Global COE,CSA - Science,CSA - Science,False,Contrato,Alto,Investment Curves,ESCALABLE,2,7454.545454545454,True,8.On Hold,En pausa,ABIERTO,3,True,2026-06-01,2026-06-03,2026-06-03,2026,2026Q2,CLP,8235424.0,1185.1,6949.14,3110.0,,Carlos Solano,VICTORIA GIL
P0027,INCHAPE AMERICAS,Inchcape Americas,Automotriz,Inchcape,Desarrollo,CLARO: Digital Curves 2026 - Chile,Curves Base contract: 4 channels/2 updates,Curves Base,Curves Base,Measurement & Attribution,Investment Curves,Science,Global COE,CSA - Science,CSA - Science,False,Contrato,Alto,Investment Curves,ESCALABLE,2,7454.545454545454,True,2.Prospecting,Prospectado,ABIERTO,4,True,2026-06-08,2026-06-08,2026-06-08,2026,2026Q2,CLP,8100000.0,1185.1,6834.87,3110.0,,Carlos Solano,CAMILA LEAL
P0006,INCHAPE AMERICAS,Inchcape Americas,Automotriz,Inchcape,Desarrollo,INCHAPE: Autoplanet ODO 2026 - Chile,Online Data Optimization - sites with E-commerce,ODO E-commerce,ODO E-commerce,Tech Consulting,GA4,Tech,Google,CSA - Tech,CSA - Tech,False,Proyecto,Alto,ODO,EXCLUSIVO,1,7909.090909090908,True,2.Prospecting,Prospectado,ABIERTO,4,True,2026-08-03,,2026-08-03,2026,2026Q3,CLP,,1185.1,,,,,
P0066,INDUMOTORA,Indumotora,Automotriz,Indumotora,Estrategica,INDUMOTORA: CAPI Kia 2026 - Chile,CAPI x Gateway by CSA - look for special ratecard,CAPI x Gateway,CAPI x Gateway,Data Management & Engineering,Server Side Solutions,Tech,META,CSA - Tech,CSA - Tech,False,Proyecto,A cotizar,CAPI Implementacion,EXCLUSIVO,1,,True,6.Won,Ganado,GANADO,1,False,2026-02-11,2026-01-01,2026-01-01,2026,2026Q1,CLP,4230196.0,1185.1,3569.48,,False,,"<span style=""color:rgb(51, 51, 51);"">CAROLINA CABRERA</span>"
P0079,INDUMOTORA,Indumotora,Automotriz,Indumotora,Estrategica,INDUMOTORA: CAPI Dong Feng 2026 - Chile,CAPI x Gateway by CSA - look for special ratecard,CAPI x Gateway,CAPI x Gateway,Data Management & Engineering,Server Side Solutions,Tech,META,CSA - Tech,CSA - Tech,False,Proyecto,A cotizar,CAPI Implementacion,EXCLUSIVO,1,,True,6.Won,Ganado,GANADO,1,False,2026-02-11,2026-01-01,2026-01-01,2026,2026Q1,CLP,2350109.0,1185.1,1983.05,,False,,CAROLINA CABRERA
P0080,INDUMOTORA,Indumotora,Automotriz,Indumotora,Estrategica,INDUMOTORA: CAPI Hyundai Camiones 2025 - Chile,CAPI x Gateway by CSA - look for special ratecard,CAPI x Gateway,CAPI x Gateway,Data Management & Engineering,Server Side Solutions,Tech,META,CSA - Tech,CSA - Tech,False,Proyecto,A cotizar,CAPI Implementacion,EXCLUSIVO,1,,True,6.Won,Ganado,GANADO,1,False,2026-02-11,2026-01-01,2026-01-01,2026,2026Q1,CLP,1303607.0,1185.1,1100.0,,False,,CAROLINA CABRERA
P0081,INDUMOTORA,Indumotora,Automotriz,Indumotora,Estrategica,INDUMOTORA: CAPI Landking 2025 - Chile,CAPI x Gateway by CSA - look for special ratecard,CAPI x Gateway,CAPI x Gateway,Data Management & Engineering,Server Side Solutions,Tech,META,CSA - Tech,CSA - Tech,False,Proyecto,A cotizar,CAPI Implementacion,EXCLUSIVO,1,,True,6.Won,Ganado,GANADO,1,False,2026-02-11,2026-01-01,2026-01-01,2026,2026Q1,CLP,1303607.0,1185.1,1100.0,,False,,"<span style=""color:rgb(51, 51, 51);"">CAROLINA CABRERA</span>"
P0050,INDUMOTORA,Indumotora,Automotriz,Indumotora,Estrategica,INDUMOTORA: C-GenIA 2026 - Chile,C-GenIA - Basic (200 images) Annual Subscription,C-GenIA Basic Anual,C-GenIA Basic Anual,Platform Management & Operation,AI Content Creation,Tech,Latam COE,CSA - Tech,CSA - Tech,False,Anual,Alto,C-GenIA,ESCALABLE,1,17090.90909090909,True,10.Lost,Perdido,PERDIDO,6,False,2026-01-01,2026-01-02,2026-01-02,2026,2026Q1,CLP,4701282.0,1185.1,3966.99,7190.0,False,,MARCELO LAZO
P0086,INDUMOTORA,Indumotora,Automotriz,Indumotora,Estrategica,INDUMOTORA: ABCD Detector 2026 - Chile,ABCD Detector - Basic (20 Videos) per month,ABCD Basic Mensual,ABCD Basic Mensual,Tech Consulting,AI Video,Creative Tech,Latam COE,CSA - Tech,CSA - Tech,False,Mensual,Bajo,ABCD Detector,ESCALABLE,1,636.3636363636363,True,10.Lost,Perdido,PERDIDO,6,False,2026-01-01,2026-01-02,2026-01-02,2026,2026Q1,CLP,1751458.0,1185.1,1477.9,269.0,False,,MARCELO LAZO
P0068,INDUMOTORA,Indumotora,Automotriz,Indumotora,Estrategica,INDUMOTORA: CAPI Forthing 2026 - Chile,CAPI x Gateway by CSA - look for special ratecard,CAPI x Gateway,CAPI x Gateway,Data Management & Engineering,Server Side Solutions,Tech,META,CSA - Tech,CSA - Tech,False,Proyecto,A cotizar,CAPI Implementacion,EXCLUSIVO,1,,True,6.Won,Ganado,GANADO,1,False,2026-02-27,2026-04-27,2026-04-27,2026,2026Q2,CLP,592549.0,1185.1,500.0,,False,,"<span style=""color:rgb(51, 51, 51);"">CAROLINA CABRERA</span>"
P0069,INDUMOTORA,Indumotora,Automotriz,Indumotora,Estrategica,INDUMOTORA: CAPI Sinotruk Camioneta 2026 - Chile,CAPI x Gateway by CSA - look for special ratecard,CAPI x Gateway,CAPI x Gateway,Data Management & Engineering,Server Side Solutions,Tech,META,CSA - Tech,CSA - Tech,False,Proyecto,A cotizar,CAPI Implementacion,EXCLUSIVO,1,,True,6.Won,Ganado,GANADO,1,False,2026-02-27,2026-04-27,2026-04-27,2026,2026Q2,CLP,711059.0,1185.1,600.0,,False,,CAROLINA CABRERA
P0053,INDUMOTORA,Indumotora,Automotriz,Indumotora,Estrategica,INDUMOTORA: ECW INDUMOTORA 2026- Chile,Performance Powered Conversions (ECL),Perf. Powered Conv.,Perf. Powered Conv.,Tech Consulting,Enhance Conversions,Tech,Google,CSA - Tech,CSA - Tech,False,Proyecto,Bajo,solo:Performance Powered Conversions (ECL),ACUMULABLE,1,2454.5454545454545,True,2.Prospecting,Prospectado,ABIERTO,4,True,2026-04-29,2026-05-08,2026-05-08,2026,2026Q2,CLP,6000000.0,1185.1,5062.86,1017.0,,Nicolas Poblete,CAROLINA CABRERA
P0030,INDUMOTORA,Indumotora,Automotriz,Indumotora,Estrategica,INDUMOTORA: 1PD Automation - Chile,1PD Integration (until 15 sources) - Google,1PD Integration,1PD Integration,Data Integration & Activation,Data Integration,Tech,Google,CSA - Tech,CSA - Tech,False,Proyecto,Alto,solo:1PD Integration (until 15 sources) - Google,ACUMULABLE,1,7454.545454545454,True,5.Pitching,En pitch,ABIERTO,2,True,2026-06-01,2026-06-03,2026-06-03,2026,2026Q2,CLP,14406970.0,1185.1,12156.75,3136.0,,Nicolas Poblete,"<span style=""color:rgb(51, 51, 51);"">CAROLINA CABRERA</span>"
P0031,INDUMOTORA,Indumotora,Automotriz,Indumotora,Estrategica,INDUMOTORA: Conversiones mejoradas - Chile,Performance Powered Conversions (ECL),Perf. Powered Conv.,Perf. Powered Conv.,Tech Consulting,Enhance Conversions,Tech,Google,CSA - Tech,CSA - Tech,False,Proyecto,Bajo,solo:Performance Powered Conversions (ECL),ACUMULABLE,1,2454.5454545454545,True,5.Pitching,En pitch,ABIERTO,2,True,2026-06-01,2026-06-03,2026-06-03,2026,2026Q2,CLP,2711664.0,1185.1,2288.13,1017.0,,Nicolas Poblete,CAROLINA CABRERA
P0032,INDUMOTORA,Indumotora,Automotriz,Indumotora,Estrategica,INDUMOTORA: Captura de datos - Chile,Online Data Optimization - Basic,ODO Basic,ODO Basic,Tech Consulting,GA4,Tech,Google,CSA - Tech,CSA - Tech,False,Proyecto,Bajo,ODO,EXCLUSIVO,1,3272.7272727272725,True,5.Pitching,En pitch,ABIERTO,2,True,2026-06-01,2026-06-03,2026-06-03,2026,2026Q2,CLP,4519440.0,1185.1,3813.55,1356.0,,Nicolas Poblete,"<span style=""color:rgb(51, 51, 51);"">CAROLINA CABRERA</span>"
P0012,INDUMOTORA,Indumotora,Automotriz,Indumotora,Estrategica,INDUMOTORA: CAPI Offline CRM 2026 - Chile,CAPI Automated Offline Integration with CRM,CAPI Offline CRM,CAPI Offline CRM,Data Management & Engineering,Server Side Solutions,Tech,META,CSA - Tech,CSA - Tech,False,Proyecto,Medio,solo:CAPI Automated Offline Integration with CRM,ACUMULABLE,1,3636.363636363636,True,5.Pitching,En pitch,ABIERTO,2,True,2026-07-09,,2026-07-09,2026,2026Q3,CLP,4820736.0,1185.1,4067.79,,,Nicolas Poblete,CAROLINA CABRERA
P0020,LACTALIS,Lactalis,CPG Alimentos,Lactalis,Emergente,LACTALIS: Short Maker 2026 - Chile,VIGenAIr,VIGenAIr,VIGenAIr,Tech Consulting,AI Content Creation,Tech,Google,CSA - Tech,CSA - Tech,False,Proyecto,Alto,solo:VIGenAIr,ACUMULABLE,1,6454.545454545454,True,2.Prospecting,Prospectado,ABIERTO,4,True,2026-06-25,2026-06-25,2026-06-25,2026,2026Q2,CLP,5859825.0,1185.1,4944.58,2712.0,,Maria Isabel Worthington,MARIA ISABEL WORTHINGTON
P0011,LATAM AERLINES,LATAM Airlines,Travel & Aerolineas,LATAM,Desarrollo,LATAM: Nested Model 2026 - Chile,Nested (MMM + BEM) without Data Collection,Nested MMM+BEM,Nested MMM+BEM,Measurement & Attribution,Nested Model,Science,Latam COE,CSA - Science,CSA - Science,False,Proyecto,Alto,MMM,EXCLUSIVO,2,31181.81818181818,True,1. Lead,Lead,ABIERTO,5,True,2026-07-30,2026-07-30,2026-07-30,2026,2026Q3,CLP,36800000.0,1185.1,31052.23,,,Javier Guzman,VICTORIA GIL
P0038,PARQUE ARAUCO,Parque Arauco,Real Estate & Malls,Parque Arauco,Estrategica,PARQUE ARAUCO: Data Analyst Sr Regional 2026 - Chile,People data fee Media,People data fee Media,People data fee Media,Tech Consulting,FTE,BI Services,Latam COE,CSA - Tech,CSA - Tech,False,Recurrente,A cotizar,solo:People data fee Media,ACUMULABLE,1,,True,6.Won,Ganado,GANADO,1,False,2026-01-01,2026-01-01,2026-01-01,2026,2026Q1,CLP,24815940.0,1185.1,20939.95,,,-,MARIA ISABEL WORKTHINGTON
P0047,PARQUE ARAUCO,Parque Arauco,Real Estate & Malls,Parque Arauco,Estrategica,PARQUE ARAUCO: Data Analyst Sr Local 2026 - Chile,People data fee Media,People data fee Media,People data fee Media,Tech Consulting,FTE,BI Services,Latam COE,CSA - Tech,CSA - Tech,False,Recurrente,A cotizar,solo:People data fee Media,ACUMULABLE,1,,True,6.Won,Ganado,GANADO,1,False,2026-01-01,2026-01-01,2026-01-01,2026,2026Q1,CLP,24815940.0,1185.1,20939.95,,,-,MARIA ISABEL WORKTHINGTON
P0051,PARQUE ARAUCO,Parque Arauco,Real Estate & Malls,Parque Arauco,Estrategica,PARQUE ARAUCO: C-GenIA 2026 - Chile,C-GenIA - Basic (200 images) Annual Subscription,C-GenIA Basic Anual,C-GenIA Basic Anual,Platform Management & Operation,AI Content Creation,Tech,Latam COE,CSA - Tech,CSA - Tech,False,Anual,Alto,C-GenIA,ESCALABLE,1,17090.90909090909,True,5.Pitching,En pitch,ABIERTO,2,True,2026-04-27,2026-04-27,2026-04-27,2026,2026Q2,CLP,10800000.0,1185.1,9113.16,7190.0,,-,"<span style=""color:rgb(51, 51, 51);"">CAROLINA CABRERA</span>"
P0025,PARQUE ARAUCO,Parque Arauco,Real Estate & Malls,Parque Arauco,Estrategica,PARQUE ARAUCO: Online Data Optimization 2026 - Chile,Online Data Optimization - sites without E-commerce,ODO sin E-commerce,ODO sin E-commerce,Tech Consulting,GA4,Tech,Google,CSA - Tech,CSA - Tech,False,Proyecto,Medio,ODO,EXCLUSIVO,1,4909.090909090909,True,8.On Hold,En pausa,ABIERTO,3,True,2026-06-15,2026-06-15,2026-06-15,2026,2026Q2,CLP,4395535.0,1185.1,3709.0,2034.0,,Matias Cristoso,CAROLINA CABRERA
P0015,PARQUE ARAUCO,Parque Arauco,Real Estate & Malls,Parque Arauco,Estrategica,PARQUE ARAUCO: SEO & SEM 2026 - Chile,SEO,SEO,SEO,Tech Consulting,Others Units,SEO,Latam COE,CSA - Tech,CSA - Tech,False,Proyecto,A cotizar,solo:SEO,ACUMULABLE,1,,True,5.Pitching,En pitch,ABIERTO,2,True,2026-07-20,2026-07-20,2026-07-20,2026,2026Q3,CLP,18000000.0,1185.1,15188.59,,,Matias Cristoso,VICTORIA GIL
P0091,PC FACTORY,PC Factory,Retail Electro,PC Factory,Emergente,PC FACTORY: Automatización Keyboard 2025 - Chile,Tech Services Ad Hoc,Tech Services Ad Hoc,Tech Services Ad Hoc,Tech Consulting,Ad Hoc Services,Tech,Latam COE,CSA - Tech,CSA - Tech,False,Recurrente,A cotizar,solo:Tech Services Ad Hoc,ACUMULABLE,1,,True,10.Lost,Perdido,PERDIDO,6,False,2026-02-13,2026-03-30,2026-03-30,2026,2026Q1,CLP,5915456.0,1185.1,4991.52,,False,,"<span style=""color:rgb(51, 51, 51);"">CAROLINA CABRERA</span>"
P0056,PC FACTORY,PC Factory,Retail Electro,PC Factory,Emergente,PC FACTORY: C-GenIA Basic 2026 - Chile,ABCD Detector - Basic (20 Videos) per month,ABCD Basic Mensual,ABCD Basic Mensual,Tech Consulting,AI Video,Creative Tech,Latam COE,CSA - Tech,CSA - Tech,False,Mensual,Bajo,ABCD Detector,ESCALABLE,1,636.3636363636363,True,5.Pitching,En pitch,ABIERTO,2,True,2026-04-23,,2026-04-23,2026,2026Q2,CLP,4066200.0,1185.1,3431.1,251.0,,-,"<span style=""color:rgb(51, 51, 51);"">CAROLINA CABRERA</span>"
P0105,PJ CHILE SPA,PJ Chile SpA,Food & QSR,PJ Chile,Emergente,PJ CHILE SPA: Panel de GMB 2025 - Chile,Tech Services Ad Hoc,Tech Services Ad Hoc,Tech Services Ad Hoc,Tech Consulting,Ad Hoc Services,Tech,Latam COE,CSA - Tech,CSA - Tech,False,Recurrente,A cotizar,solo:Tech Services Ad Hoc,ACUMULABLE,1,,True,10.Lost,Perdido,PERDIDO,6,False,2025-07-25,2026-05-29,2026-05-29,2026,2026Q2,CLP,2949824.0,1185.1,2489.09,,False,,ALEJANDRA ULLOA
P0023,POLLA,Polla Chilena,Juegos & Entretenimiento,Polla,Emergente,POLLA: Consultoría CRO/SEO 2026 - Chile,Consulting Ad Hoc,Consulting Ad Hoc,Consulting Ad Hoc,Tech Consulting,Ad Hoc Services,Consulting,Latam COE,CSA - Tech,CSA - Tech,False,Recurrente,A cotizar,solo:Consulting Ad Hoc,ACUMULABLE,1,,True,2.Prospecting,Prospectado,ABIERTO,4,True,2026-06-15,2026-06-15,2026-06-15,2026,2026Q2,CLP,13000000.0,1185.1,10969.54,,,Cristobal Maldonado,OLGA OCHOA
P0024,POLLA,Polla Chilena,Juegos & Entretenimiento,Polla,Emergente,POLLA: Online Data Optimization 2026 - Chile,Online Data Optimization - sites with E-commerce,ODO E-commerce,ODO E-commerce,Tech Consulting,GA4,Tech,Google,CSA - Tech,CSA - Tech,False,Proyecto,Alto,ODO,EXCLUSIVO,1,7909.090909090908,True,8.On Hold,En pausa,ABIERTO,3,True,2026-06-15,2026-06-15,2026-06-15,2026,2026Q2,CLP,7142600.0,1185.1,6027.0,3305.0,,Cristobal Maldonado,OLGA OCHOA
P0076,PORSCHE GROUP,Porsche Group,Automotriz,Porsche,Desarrollo,PORSCHE GROUP: Consultoría Analítica 2025 - Chile,Consulting Ad Hoc,Consulting Ad Hoc,Consulting Ad Hoc,Tech Consulting,Ad Hoc Services,Consulting,Latam COE,CSA - Tech,CSA - Tech,False,Recurrente,A cotizar,solo:Consulting Ad Hoc,ACUMULABLE,1,,True,6.Won,Ganado,GANADO,1,False,2026-02-11,2026-01-01,2026-01-01,2026,2026Q1,CLP,9081300.0,1185.1,7662.9,,False,,VICTORIA GIL
P0005,RECKITT,Reckitt,CPG Cuidado Personal,Reckitt,Emergente,RECKITT: SETUP SEO 2026 - Chile,SEO,SEO,SEO,Tech Consulting,Others Units,SEO,Latam COE,CSA - Tech,CSA - Tech,False,Proyecto,A cotizar,solo:SEO,ACUMULABLE,1,,True,5.Pitching,En pitch,ABIERTO,2,True,2026-08-06,,2026-08-06,2026,2026Q3,CLP,6025920.0,1185.1,5084.74,,,-,
P0070,SKY AIRLINE,Sky Airline,Travel & Aerolineas,Sky,Emergente,SKY AIRLINE: NESTED 2025 - Chile,Nested (MMM + BEM) without Data Collection,Nested MMM+BEM,Nested MMM+BEM,Measurement & Attribution,Nested Model,Science,Latam COE,CSA - Science,CSA - Science,False,Proyecto,Alto,MMM,EXCLUSIVO,2,31181.81818181818,True,10.Lost,Perdido,PERDIDO,6,False,2026-02-25,2026-02-24,2026-02-24,2026,2026Q1,CLP,33397360.0,1185.1,28181.05,14055.0,False,,OLGA OCHOA
P0054,SMU,SMU,Retail Supermercados,SMU,Emergente,SMU: Pivoty 2026 - Chile,C-GenIA - Basic (200 images) Annual Subscription,C-GenIA Basic Anual,C-GenIA Basic Anual,Platform Management & Operation,AI Content Creation,Tech,Latam COE,CSA - Tech,CSA - Tech,False,Anual,Alto,C-GenIA,ESCALABLE,1,17090.90909090909,True,6.Won,Ganado,GANADO,1,False,2026-03-24,2026-03-24,2026-03-24,2026,2026Q1,CLP,9385370.0,1185.1,7919.48,7190.0,,-,CAROLINA CABRERA
P0037,TELEFONICA,Telefonica,Telco,Telefonica,Estrategica,TELEFONICA: Data Analyst Sr Local 2026 - Chile,People data fee Media,People data fee Media,People data fee Media,Tech Consulting,FTE,BI Services,Latam COE,CSA - Tech,CSA - Tech,False,Recurrente,A cotizar,solo:People data fee Media,ACUMULABLE,1,,True,6.Won,Ganado,GANADO,1,False,2026-05-01,2026-01-01,2026-01-01,2026,2026Q1,CLP,10000000.0,1185.1,8438.11,,,Paula Callejas,MARIA ISABEL WORKTHINGTON
P0074,TELEFONICA,Telefonica,Telco,Telefonica,Estrategica,TELEFONICA: Semrush 2026 - Chile,Consulting Ad Hoc,Consulting Ad Hoc,Consulting Ad Hoc,Tech Consulting,Ad Hoc Services,Consulting,Latam COE,CSA - Tech,CSA - Tech,False,Recurrente,A cotizar,solo:Consulting Ad Hoc,ACUMULABLE,1,,True,6.Won,Ganado,GANADO,1,False,2026-02-11,2026-01-01,2026-01-01,2026,2026Q1,CLP,608000.0,1185.1,513.04,,False,,MARIA ISABEL WORKTHINGTON
P0075,TELEFONICA,Telefonica,Telco,Telefonica,Estrategica,TELEFONICA: Herramienta de Auditoría 2026 - Chile,Consulting Ad Hoc,Consulting Ad Hoc,Consulting Ad Hoc,Tech Consulting,Ad Hoc Services,Consulting,Latam COE,CSA - Tech,CSA - Tech,False,Recurrente,A cotizar,solo:Consulting Ad Hoc,ACUMULABLE,1,,True,6.Won,Ganado,GANADO,1,False,2026-02-11,2026-01-01,2026-01-01,2026,2026Q1,CLP,7182410.0,1185.1,6060.59,,False,,MARIA ISABEL WORKTHINGTON
P0085,TELEFONICA,Telefonica,Telco,Telefonica,Estrategica,TELEFONICA: Consultoría SEO IA 2026 - Chile,SEO,SEO,SEO,Tech Consulting,Others Units,SEO,Latam COE,CSA - Tech,CSA - Tech,False,Proyecto,A cotizar,solo:SEO,ACUMULABLE,1,,True,6.Won,Ganado,GANADO,1,False,2026-01-05,2026-01-01,2026-01-01,2026,2026Q1,CLP,15249631.0,1185.1,12867.8,,False,,MARIA ISABEL WORKTHINGTON
P0090,TELEFONICA,Telefonica,Telco,Telefonica,Estrategica,TELEFONICA: Propuesta de SEO 2025 - Chile,SEO,SEO,SEO,Tech Consulting,Others Units,SEO,Latam COE,CSA - Tech,CSA - Tech,False,Proyecto,A cotizar,solo:SEO,ACUMULABLE,1,,True,6.Won,Ganado,GANADO,1,False,2026-02-24,2026-02-24,2026-02-24,2026,2026Q1,CLP,22387113.0,1185.1,18890.48,,False,,MARIA ISABEL WORTHINGTON
P0016,TELEFONICA,Telefonica,Telco,Telefonica,Estrategica,TELEFONICA: Diagnostico integración tiktok 2026 - Chile,Tech Services Ad Hoc,Tech Services Ad Hoc,Tech Services Ad Hoc,Tech Consulting,Ad Hoc Services,Tech,Latam COE,CSA - Tech,CSA - Tech,False,Recurrente,A cotizar,solo:Tech Services Ad Hoc,ACUMULABLE,1,,True,6.Won,Ganado,GANADO,1,False,2026-07-13,2026-07-17,2026-07-17,2026,2026Q3,CLP,4536000.0,1185.1,3827.53,,,Vanessa Leite,VICTORIA GIL
P0062,TELEFONICA,Telefonica,Telco,Telefonica,Estrategica,TELEFONICA: C-GENIA 2026 - Chile,C-GenIA,C-GenIA,C-GenIA,Creative Testing,AI Content Creation,Creative Tech,Latam COE,CSA - Science,CSA - Tech,True,Proyecto,A cotizar,C-GenIA,ESCALABLE,2,,False,8.On Hold,En pausa,ABIERTO,3,True,2026-04-13,2026-07-20,2026-07-20,2026,2026Q3,CLP,21693312.0,1185.1,18305.05,665.0,False,Vanessa Leite,"MARIA ISABEL <span style=""color:rgb(37, 36, 36);"">WORTHINGTON</span>"
P0104,TELEFONICA,Telefonica,Telco,Telefonica,Estrategica,TELEFONICA: ABCD Detector 2025 - Chile,ABCD Detector - Basic (20 Videos) per month,ABCD Basic Mensual,ABCD Basic Mensual,Tech Consulting,AI Video,Creative Tech,Latam COE,CSA - Tech,CSA - Tech,False,Mensual,Bajo,ABCD Detector,ESCALABLE,1,636.3636363636363,True,8.On Hold,En pausa,ABIERTO,3,True,2025-06-12,2026-07-20,2026-07-20,2026,2026Q3,CLP,4256400.0,1185.1,3591.6,269.0,False,,MARIA ISABEL WORKTHINGTON
P0058,TENPO,Tenpo,Fintech & Banca,Credicorp,Emergente,TENPO: Modelos Science 2026 - Chile,Science Ad Hoc,Science Ad Hoc,Science Ad Hoc,Science Consulting,Ad Hoc Services,Science,Global COE,CSA - Science,CSA - Science,False,Recurrente,A cotizar,solo:Science Ad Hoc,ACUMULABLE,1,,True,10.Lost,Perdido,PERDIDO,6,False,2026-02-23,2026-04-17,2026-04-17,2026,2026Q2,CLP,36000000.0,1185.1,30377.18,,,- -,VICTORIA GIL
P0057,TENPO,Tenpo,Fintech & Banca,Credicorp,Emergente,TENPO: Licencia GA4 360 2026 - Chile,Licencias GA4 360,Licencias GA4 360,Licencias GA4 360,Tech Consulting,Licencias,Consulting,Google,CSA - Tech,CSA - Tech,False,Licencia,A cotizar,solo:Licencias GA4 360,ACUMULABLE,1,,True,10.Lost,Perdido,PERDIDO,6,False,2026-04-17,2026-07-20,2026-07-20,2026,2026Q3,CLP,30000000.0,1185.1,25314.32,,False,- -,VICTORIA GIL
P0103,TRICOT,Tricot,Retail Vestuario,Tricot,Emergente,TRICOT: Shopping Feed AI 2025 - Chile,Shopping Insider / Feed AI,Shopping Insider,Shopping Insider,Data Management & Engineering,Feed Optimization,Tech,Google,CSA - Tech,CSA - Tech,False,Proyecto,Bajo,Shopping Feed,EXCLUSIVO,2,2090.9090909090905,True,10.Lost,Perdido,PERDIDO,6,False,2025-01-01,2025-08-30,2025-08-30,2025,2025Q3,CLP,4424736.0,1185.1,3733.64,909.0,False,,CAROLA OYARZO
P0102,TRICOT,Tricot,Retail Vestuario,Tricot,Emergente,TRICOT: Panel de GMB 2025 - Chile,Tech Services Ad Hoc,Tech Services Ad Hoc,Tech Services Ad Hoc,Tech Consulting,Ad Hoc Services,Tech,Latam COE,CSA - Tech,CSA - Tech,False,Recurrente,A cotizar,solo:Tech Services Ad Hoc,ACUMULABLE,1,,True,10.Lost,Perdido,PERDIDO,6,False,2025-07-25,2026-07-20,2026-07-20,2026,2026Q3,CLP,2949824.0,1185.1,2489.09,,False,,CAROLA OYARZO
P0101,TUA,TUA,Por clasificar,Por clasificar,Emergente,TUA: Panel de GMB 2025 - Chile,Tech Services Ad Hoc,Tech Services Ad Hoc,Tech Services Ad Hoc,Tech Consulting,Ad Hoc Services,Tech,Latam COE,CSA - Tech,CSA - Tech,False,Recurrente,A cotizar,solo:Tech Services Ad Hoc,ACUMULABLE,1,,True,10.Lost,Perdido,PERDIDO,6,False,2025-07-25,2026-05-29,2026-05-29,2026,2026Q2,CLP,2949824.0,1185.1,2489.09,,False,,ALEJANDRA ULLOA
P0021,TUA,TUA,Por clasificar,Por clasificar,Emergente,TUA: ABCD Detector 2026 - Chile,ABCD Detector - Basic (20 Videos) per month,ABCD Basic Mensual,ABCD Basic Mensual,Tech Consulting,AI Video,Creative Tech,Latam COE,CSA - Tech,CSA - Tech,False,Mensual,Bajo,ABCD Detector,ESCALABLE,1,636.3636363636363,True,2.Prospecting,Prospectado,ABIERTO,4,True,2026-06-23,2026-06-23,2026-06-23,2026,2026Q2,CLP,600000.0,1185.1,506.29,251.0,,Isabel Mella,ALEJANDRA ULLOA
P0018,TUA,TUA,Por clasificar,Por clasificar,Emergente,TUA: Catalogo Meta 2026 - Chile,Tech Services Ad Hoc,Tech Services Ad Hoc,Tech Services Ad Hoc,Tech Consulting,Ad Hoc Services,Tech,Latam COE,CSA - Tech,CSA - Tech,False,Recurrente,A cotizar,solo:Tech Services Ad Hoc,ACUMULABLE,1,,True,6.Won,Ganado,GANADO,1,False,2026-06-25,2026-06-25,2026-06-25,2026,2026Q2,CLP,3856589.0,1185.1,3254.23,,,-,ISABEL MELLA
P0019,TUA,TUA,Por clasificar,Por clasificar,Emergente,TUA: Online Data Optimization 2026 - Chile,Online Data Optimization - sites with E-commerce,ODO E-commerce,ODO E-commerce,Tech Consulting,GA4,Tech,Google,CSA - Tech,CSA - Tech,False,Proyecto,Alto,ODO,EXCLUSIVO,1,7909.090909090908,True,5.Pitching,En pitch,ABIERTO,2,True,2026-06-25,2026-06-25,2026-06-25,2026,2026Q2,CLP,10244064.0,1185.1,8644.05,3305.0,,-,ISABEL MELLA
P0007,TUA,TUA,Por clasificar,Por clasificar,Emergente,TUA: Online Data Optimization 2026 - Chile,Online Data Optimization - sites with E-commerce,ODO E-commerce,ODO E-commerce,Tech Consulting,GA4,Tech,Google,CSA - Tech,CSA - Tech,False,Proyecto,Alto,ODO,EXCLUSIVO,1,7909.090909090908,True,10.Lost,Perdido,PERDIDO,6,False,2026-08-07,2026-08-14,2026-08-14,2026,2026Q3,CLP,10274194.0,1185.1,8669.47,,,Wilmer Valderrama Urribarri,
P0099,VERISURE,Verisure,Servicios Hogar & Seguridad,Verisure,Desarrollo,VERISURE: ABCD Detector 2025 - Chile,ABCD Detector - Basic (20 Videos) per month,ABCD Basic Mensual,ABCD Basic Mensual,Tech Consulting,AI Video,Creative Tech,Latam COE,CSA - Tech,CSA - Tech,False,Mensual,Bajo,ABCD Detector,ESCALABLE,1,636.3636363636363,True,10.Lost,Perdido,PERDIDO,6,False,2025-04-30,2025-06-30,2025-06-30,2025,2025Q2,CLP,3595098.0,1185.1,3033.58,269.0,False,,ALEJANDRA ULLOA
P0100,VERISURE,Verisure,Servicios Hogar & Seguridad,Verisure,Desarrollo,VERISURE: MIM 2025 - Chile,MIM Bayesiano,MIM Bayesiano,MIM Bayesiano,Measurement & Attribution,Attribution,Science,Global COE,CSA - Science,CSA - Science,False,Proyecto,Alto,Atribucion Digital,EXCLUSIVO,1,40000.0,True,10.Lost,Perdido,PERDIDO,6,False,2025-04-01,2025-08-30,2025-08-30,2025,2025Q3,CLP,34107340.0,1185.1,28780.14,18025.0,False,,ALEJANDRA ULLOA
P0098,VERISURE,Verisure,Servicios Hogar & Seguridad,Verisure,Desarrollo,VERISURE: MMM 2025 - Chile,MMM Lite,MMM Lite,MMM Lite,Measurement & Attribution,MMM,Science,Latam COE,CSA - Science,CSA - Science,False,Proyecto,Alto,MMM,EXCLUSIVO,1,12909.090909090908,True,10.Lost,Perdido,PERDIDO,6,False,2025-07-07,2025-12-27,2025-12-27,2025,2025Q4,CLP,30420060.0,1185.1,25668.77,5818.0,False,,ALEJANDRA ULLOA
P0044,VERISURE,Verisure,Servicios Hogar & Seguridad,Verisure,Desarrollo,VERISURE: Pivoty 2026 - Chile,C-GenIA - Basic (200 images) per month,C-GenIA Basic Mensual,C-GenIA Basic Mensual,Platform Management & Operation,AI Content Creation,Tech,Latam COE,CSA - Tech,CSA - Tech,False,Mensual,Bajo,C-GenIA,ESCALABLE,1,1636.3636363636363,True,10.Lost,Perdido,PERDIDO,6,False,2026-05-20,2026-05-20,2026-05-20,2026,2026Q2,CLP,11449248.0,1185.1,9661.0,665.0,,Natali Sanchez,ALEJANDRA ULLOA
P0045,VERISURE,Verisure,Servicios Hogar & Seguridad,Verisure,Desarrollo,VERISURE: ABCD Detector 2026 - Chile,ABCD Detector - Basic (20 Videos) per month,ABCD Basic Mensual,ABCD Basic Mensual,Tech Consulting,AI Video,Creative Tech,Latam COE,CSA - Tech,CSA - Tech,False,Mensual,Bajo,ABCD Detector,ESCALABLE,1,636.3636363636363,True,10.Lost,Perdido,PERDIDO,6,False,2026-05-20,2026-05-20,2026-05-20,2026,2026Q2,CLP,4820736.0,1185.1,4067.79,251.0,,Natali Sanchez,ALEJANDRA ULLOA
P0033,VERISURE,Verisure,Servicios Hogar & Seguridad,Verisure,Desarrollo,VERISURE: Digital Curves 2026 - Chile,Investment Curves (by conversion:channel),Investment Curves,Investment Curves,Measurement & Attribution,Investment Curves,Science,Global COE,CSA - Science,CSA - Science,False,Proyecto,Bajo,Investment Curves,ESCALABLE,1,999.9999999999999,True,10.Lost,Perdido,PERDIDO,6,False,2026-06-01,2026-06-03,2026-06-03,2026,2026Q2,CLP,1506480.0,1185.1,1271.18,389.0,,Natali Sanchez,ALEJANDRA ULLOA
P0097,WATTS,Watts,CPG Alimentos,Watts,Desarrollo,WATTS: ABCD Detector 2025 - Chile,ABCD Detector - Basic (20 Videos) per month,ABCD Basic Mensual,ABCD Basic Mensual,Tech Consulting,AI Video,Creative Tech,Latam COE,CSA - Tech,CSA - Tech,False,Mensual,Bajo,ABCD Detector,ESCALABLE,1,636.3636363636363,True,10.Lost,Perdido,PERDIDO,6,False,2025-04-30,2025-06-30,2025-06-30,2025,2025Q2,CLP,4424736.0,1185.1,3733.64,269.0,False,,CAROLA OYARZO
P0095,WATTS,Watts,CPG Alimentos,Watts,Desarrollo,WATTS: VIGenAIr 2025 - Chile,C-GenIA,C-GenIA,C-GenIA,Creative Testing,AI Content Creation,Creative Tech,Latam COE,CSA - Science,CSA - Tech,True,Proyecto,A cotizar,C-GenIA,ESCALABLE,2,,False,10.Lost,Perdido,PERDIDO,6,False,2025-08-18,2025-12-27,2025-12-27,2025,2025Q4,CLP,9402564.0,1185.1,7933.98,,False,,CAROLA OYARZO
P0096,WATTS,Watts,CPG Alimentos,Watts,Desarrollo,WATTS: MMM 2025 - Chile,MMM Lite,MMM Lite,MMM Lite,Measurement & Attribution,MMM,Science,Latam COE,CSA - Science,CSA - Science,False,Proyecto,Alto,MMM,EXCLUSIVO,1,12909.090909090908,True,10.Lost,Perdido,PERDIDO,6,False,2025-07-07,2025-12-27,2025-12-27,2025,2025Q4,CLP,30420060.0,1185.1,25668.77,5818.0,False,,CAROLA OYARZO
P0026,WOM,WOM,Telco,WOM,Desarrollo,WOM: Licencia GA4 360 2026 - Chile,Licencias GA4 360,Licencias GA4 360,Licencias GA4 360,Tech Consulting,Licencias,Consulting,Google,CSA - Tech,CSA - Tech,False,Licencia,A cotizar,solo:Licencias GA4 360,ACUMULABLE,1,,True,10.Lost,Perdido,PERDIDO,6,False,2026-06-08,2026-06-09,2026-06-09,2026,2026Q2,CLP,58673479.0,1185.1,49509.31,,,Mónica Rojas,VICTORIA GIL
P0013,WOM,WOM,Telco,WOM,Desarrollo,WOM: Servicio de Analítica 2027 - Chile,Consulting Ad Hoc,Consulting Ad Hoc,Consulting Ad Hoc,Tech Consulting,Ad Hoc Services,Consulting,Latam COE,CSA - Tech,CSA - Tech,False,Recurrente,A cotizar,solo:Consulting Ad Hoc,ACUMULABLE,1,,True,10.Lost,Perdido,PERDIDO,6,False,2026-06-22,2026-06-23,2026-06-23,2026,2026Q2,CLP,25111521.0,1185.1,21189.37,,,Mónica Rojas,VICTORIA GIL
P0022,WOM,WOM,Telco,WOM,Desarrollo,WOM: Servicio de Analítica 2026 - Chile,Consulting Ad Hoc,Consulting Ad Hoc,Consulting Ad Hoc,Tech Consulting,Ad Hoc Services,Consulting,Latam COE,CSA - Tech,CSA - Tech,False,Recurrente,A cotizar,solo:Consulting Ad Hoc,ACUMULABLE,1,,True,10.Lost,Perdido,PERDIDO,6,False,2026-06-22,2026-06-23,2026-06-23,2026,2026Q2,CLP,17936800.0,1185.1,15135.26,,,Mónica Rojas,VICTORIA GIL
