servicio_normalizado,label_corto,service_name,familia,subfamilia,pilar,capability,origen,modalidad,ticket_tipo,grupo_sustitucion,regla_grupo,nivel,activo,penetracion_pct,win_rate,momentum_pct,valor_referencia_eur,valor_anual_eur,fuente_valor,srp_eur,ticket_mediano_eur,ticket_promedio_eur,revenue_eur,pitches,ganados,perdidos,abiertos,cuentas_con_servicio,cuentas_ofrecido,cuentas_blanco,ultimo_movimiento,dias_sin_movimiento
Consulting Ad Hoc,Consulting Ad Hoc,Consulting Ad Hoc,Tech Consulting,Ad Hoc Services,CSA - Tech,Consulting,Latam COE,Recurrente,A cotizar,solo:Consulting Ad Hoc,ACUMULABLE,1,True,20.7,0.75,100.0,3235.17,3235.17,Historico CL,,3235.17,5803.460588235294,28895.91,17.0,9.0,3.0,5.0,6,10,19,2026-08-27,0.0
People data fee Media,People data fee Media,People data fee Media,Tech Consulting,FTE,CSA - Tech,BI Services,Latam COE,Recurrente,A cotizar,solo:People data fee Media,ACUMULABLE,1,True,10.3,0.667,100.0,10879.470000000001,10879.470000000001,Historico CL,,10879.470000000001,12057.78,63638.84,6.0,4.0,2.0,0.0,3,4,25,2026-07-01,57.0
CAPI x Gateway,CAPI x Gateway,CAPI x Gateway by CSA - look for special ratecard,Data Management & Engineering,Server Side Solutions,CSA - Tech,Tech,META,Proyecto,A cotizar,CAPI Implementacion,EXCLUSIVO,1,True,6.9,1.0,100.0,1100.0,1100.0,Historico CL,,1100.0,1490.9588888888889,13418.630000000001,9.0,9.0,0.0,0.0,2,2,27,2026-06-10,78.0
Tech Services Ad Hoc,Tech Services Ad Hoc,Tech Services Ad Hoc,Tech Consulting,Ad Hoc Services,CSA - Tech,Tech,Latam COE,Recurrente,A cotizar,solo:Tech Services Ad Hoc,ACUMULABLE,1,True,6.9,0.222,81.8,3813.55,3813.55,Historico CL,,3813.55,6396.79,7081.76,11.0,2.0,7.0,2.0,2,9,20,2026-08-25,2.0
SEO,SEO,SEO,Tech Consulting,Others Units,CSA - Tech,SEO,Latam COE,Proyecto,A cotizar,solo:SEO,ACUMULABLE,1,True,3.4,0.667,100.0,15496.82,15496.82,Historico CL,,15496.82,18288.831666666665,31758.28,6.0,2.0,1.0,3.0,1,5,24,2026-08-06,21.0
Licencias SA/DV360,Licencias SA/DV360,Licencias SA/DV360,Tech Consulting,Licencias,CSA - Tech,Consulting,Google,Licencia,A cotizar,solo:Licencias SA/DV360,ACUMULABLE,1,True,3.4,1.0,100.0,12477.41,12477.41,Historico CL,,12477.41,12477.41,24954.82,2.0,2.0,0.0,0.0,1,1,28,2026-02-28,180.0
Meridian,Meridian,Meridian Google Founds,Measurement & Attribution,MMM,CSA - Science,Science,Google,Proyecto,Alto,MMM,EXCLUSIVO,2,True,3.4,1.0,100.0,19717.78,19717.78,Historico CL,63636.36363636363,19717.78,19717.78,19717.78,1.0,1.0,0.0,0.0,1,1,28,2025-12-01,269.0
MMM Lite,MMM Lite,MMM Lite,Measurement & Attribution,MMM,CSA - Science,Science,Latam COE,Proyecto,Alto,MMM,EXCLUSIVO,1,True,3.4,0.167,100.0,16312.169999999998,16312.169999999998,Historico CL,12909.090909090908,16312.169999999998,17286.329999999998,12372.88,6.0,1.0,5.0,0.0,1,5,24,2026-02-24,184.0
C-GenIA Basic Anual,C-GenIA Basic Anual,C-GenIA - Basic (200 images) Annual Subscription,Platform Management & Operation,AI Content Creation,CSA - Tech,Tech,Latam COE,Anual,Alto,C-GenIA,ESCALABLE,1,True,3.4,0.5,100.0,7919.48,7919.48,Historico CL,17090.90909090909,7919.48,6999.876666666666,7919.48,3.0,1.0,1.0,1.0,1,3,26,2026-04-27,122.0
ODO E-commerce,ODO E-commerce,Online Data Optimization - sites with E-commerce,Tech Consulting,GA4,CSA - Tech,Tech,Google,Proyecto,Alto,ODO,EXCLUSIVO,1,True,3.4,0.5,100.0,7335.525,7335.525,Historico CL,7909.090909090908,7335.525,7218.1325,5532.01,5.0,1.0,1.0,3.0,1,4,25,2026-08-14,13.0
ODO Basic,ODO Basic,Online Data Optimization - Basic,Tech Consulting,GA4,CSA - Tech,Tech,Google,Proyecto,Bajo,ODO,EXCLUSIVO,1,True,3.4,1.0,100.0,3255.83,3255.83,Historico CL,3272.7272727272725,3255.83,3255.83,2698.11,2.0,1.0,0.0,1.0,1,2,27,2026-06-03,85.0
Perf. Powered Conv.,Perf. Powered Conv.,Performance Powered Conversions (ECL),Tech Consulting,Enhance Conversions,CSA - Tech,Tech,Google,Proyecto,Bajo,solo:Performance Powered Conversions (ECL),ACUMULABLE,1,True,3.4,0.5,75.0,1960.8000000000002,1960.8000000000002,Historico CL,2454.5454545454545,1960.8000000000002,2436.7925,762.71,4.0,1.0,1.0,2.0,1,3,26,2026-06-10,78.0
BI Services,BI Services,BI Services,Tech Consulting,Ad Hoc Services,CSA - Tech,BI Services,Latam COE,Proyecto,A cotizar,solo:BI Services,ACUMULABLE,1,True,3.4,0.5,100.0,266.1,266.1,Historico CL,,266.1,1076.7700000000002,266.1,3.0,1.0,1.0,1.0,1,2,27,2026-08-03,24.0
C- Nested,C- Nested,C- Nested,Creative Testing,C- Nested,CSA - Science,Science,Global COE,Proyecto,Alto,solo:C- Nested,ACUMULABLE,1,True,0.0,,0.0,40727.27272727272,40727.27272727272,SRP catalogo,40727.27272727272,,,0.0,0.0,0.0,0.0,0.0,0,0,29,,
C-GenIA,C-GenIA,C-GenIA,Creative Testing,AI Content Creation,CSA - Science,Creative Tech,Latam COE,Proyecto,A cotizar,C-GenIA,ESCALABLE,2,False,0.0,0.0,100.0,18305.05,18305.05,Historico CL,,18305.05,17464.01,0.0,4.0,0.0,3.0,1.0,0,4,25,2026-07-20,38.0
C-Perform setup,C-Perform setup,C- Perform set up + 4 month access,Creative Testing,C- Perform,CSA - Science,Science,Global COE,Contrato,Alto,C- Perform,ESCALABLE,1,True,0.0,,0.0,17818.181818181816,17818.181818181816,SRP catalogo,17818.181818181816,,,0.0,0.0,0.0,0.0,0.0,0,0,29,,
1PD Integration,1PD Integration,1PD Integration (until 15 sources) - Google,Data Integration & Activation,Data Integration,CSA - Tech,Tech,Google,Proyecto,Alto,solo:1PD Integration (until 15 sources) - Google,ACUMULABLE,1,True,0.0,,100.0,12156.75,12156.75,Historico CL,7454.545454545454,12156.75,12156.75,0.0,1.0,0.0,0.0,1.0,0,1,28,2026-06-03,85.0
META CAPI GW,META CAPI GW,META CAPI GATEWAY: Implementation in the Client's Own Environment,Data Integration & Activation,Server Side Solutions,CSA - Tech,Tech,META,Proyecto,Alto,META CAPI Gateway,ESCALABLE,1,True,0.0,,0.0,6090.90909090909,6090.90909090909,SRP catalogo,6090.90909090909,,,0.0,0.0,0.0,0.0,0.0,0,0,29,,
META CAPI GW + Signals,META CAPI GW + Signals,META CAPI GATEWAY: Implementation in the Client's Own Environment + Signals,Data Integration & Activation,Server Side Solutions,CSA - Tech,Tech,META,Proyecto,Alto,META CAPI Gateway,ESCALABLE,2,True,0.0,,0.0,6727.272727272727,6727.272727272727,SRP catalogo,6727.272727272727,,,0.0,0.0,0.0,0.0,0.0,0,0,29,,
META Catalogo API,META Catalogo API,META Catalog Integration via API,Data Integration & Activation,Catalogs Automation,CSA - Tech,Tech,META,Proyecto,Alto,META Catalogos,EXCLUSIVO,1,True,0.0,,0.0,8090.90909090909,8090.90909090909,SRP catalogo,8090.90909090909,,,0.0,0.0,0.0,0.0,0.0,0,0,29,,
META Catalogo bulk,META Catalogo bulk,META Bulk Upload of Catalogs,Data Integration & Activation,Catalogs Automation,CSA - Tech,Tech,META,Proyecto,Bajo,META Catalogos,EXCLUSIVO,1,True,0.0,,0.0,2454.5454545454545,2454.5454545454545,SRP catalogo,2454.5454545454545,,,0.0,0.0,0.0,0.0,0.0,0,0,29,,
META Catalogo nativo,META Catalogo nativo,META Catalog Integration with Native Platforms,Data Integration & Activation,Catalogs Automation,CSA - Tech,Tech,META,Proyecto,Bajo,META Catalogos,EXCLUSIVO,1,True,0.0,,0.0,1272.7272727272725,1272.7272727272725,SRP catalogo,1272.7272727272725,,,0.0,0.0,0.0,0.0,0.0,0,0,29,,
APIs Private,APIs Private,APIs Private,Data Management & Engineering,Data Integration,CSA - Tech,Tech,APIs Administration,Proyecto,Medio,solo:APIs Private,ACUMULABLE,1,True,0.0,,0.0,3454.545454545454,3454.545454545454,SRP catalogo,3454.545454545454,,,0.0,0.0,0.0,0.0,0.0,0,0,29,,
APIs Public,APIs Public,APIs Public,Data Management & Engineering,Data Integration,CSA - Tech,Tech,Google,Proyecto,Bajo,solo:APIs Public,ACUMULABLE,1,True,0.0,,0.0,2454.5454545454545,2454.5454545454545,SRP catalogo,2454.5454545454545,,,0.0,0.0,0.0,0.0,0.0,0,0,29,,
CAPI 1PD Delivery,CAPI 1PD Delivery,CAPI via CSA Gateway – 1PD Delivery,Data Management & Engineering,Server Side Solutions,CSA - Tech,Tech,META,Proyecto,Bajo,solo:CAPI via CSA Gateway – 1PD Delivery,ACUMULABLE,1,True,0.0,,0.0,1090.9090909090908,1090.9090909090908,SRP catalogo,1090.9090909090908,,,0.0,0.0,0.0,0.0,0.0,0,0,29,,
CAPI Offline CRM,CAPI Offline CRM,CAPI Automated Offline Integration with CRM,Data Management & Engineering,Server Side Solutions,CSA - Tech,Tech,META,Proyecto,Medio,solo:CAPI Automated Offline Integration with CRM,ACUMULABLE,1,True,0.0,,100.0,4067.79,4067.79,Historico CL,3636.363636363636,4067.79,4067.79,0.0,1.0,0.0,0.0,1.0,0,1,28,2026-07-09,49.0
CAPI WhatsApp,CAPI WhatsApp,CAPI for Business Messaging (WhatsApp),Data Management & Engineering,Server Side Solutions,CSA - Tech,Tech,META,Proyecto,Bajo,solo:CAPI for Business Messaging (WhatsApp),ACUMULABLE,1,True,0.0,,0.0,3272.7272727272725,3272.7272727272725,SRP catalogo,3272.7272727272725,,,0.0,0.0,0.0,0.0,0.0,0,0,29,,
CAPI codigo directo,CAPI codigo directo,CAPI via Direct Code Integration,Data Management & Engineering,Server Side Solutions,CSA - Tech,Tech,META,Proyecto,Alto,CAPI Implementacion,EXCLUSIVO,1,True,0.0,,0.0,6909.090909090908,6909.090909090908,SRP catalogo,6909.090909090908,,,0.0,0.0,0.0,0.0,0.0,0,0,29,,
CAPI via GTM/Tealium,CAPI via GTM/Tealium,CAPI via Other Partner Integrations (GTM/Tealium),Data Management & Engineering,Server Side Solutions,CSA - Tech,Tech,META,Proyecto,Medio,CAPI Implementacion,EXCLUSIVO,1,True,0.0,,0.0,4636.363636363636,4636.363636363636,SRP catalogo,4636.363636363636,,,0.0,0.0,0.0,0.0,0.0,0,0,29,,
CAPI via Partner,CAPI via Partner,"CAPI via Partner Integrations (Vtex, Magento, etc.)",Data Management & Engineering,Server Side Solutions,CSA - Tech,Tech,META,Proyecto,Bajo,CAPI Implementacion,EXCLUSIVO,1,True,0.0,,0.0,3090.9090909090905,3090.9090909090905,SRP catalogo,3090.9090909090905,,,0.0,0.0,0.0,0.0,0.0,0,0,29,,
Conversion Lift META,Conversion Lift META,Conversion LIFT by META,Data Management & Engineering,Geo Lift,CSA - Tech,Tech,META,Proyecto,Bajo,Geo Incrementalidad,EXCLUSIVO,1,True,0.0,,0.0,2090.9090909090905,2090.9090909090905,SRP catalogo,2090.9090909090905,,,0.0,0.0,0.0,0.0,0.0,0,0,29,,
MC Content API,MC Content API,MC Content API,Data Management & Engineering,Merchant Center,CSA - Tech,Tech,Google,Proyecto,Alto,solo:MC Content API,ACUMULABLE,1,True,0.0,,0.0,14727.272727272726,14727.272727272726,SRP catalogo,14727.272727272726,,,0.0,0.0,0.0,0.0,0.0,0,0,29,,
Shopping Insider,Shopping Insider,Shopping Insider / Feed AI,Data Management & Engineering,Feed Optimization,CSA - Tech,Tech,Google,Proyecto,Bajo,Shopping Feed,EXCLUSIVO,2,True,0.0,0.0,0.0,3976.3450000000003,3976.3450000000003,Historico CL,2090.9090909090905,3976.3450000000003,3976.3450000000003,0.0,2.0,0.0,2.0,0.0,0,2,27,2025-08-30,362.0
Brand Equity Model,Brand Equity Model,Brand Equity Model,Measurement & Attribution,BEM,CSA - Science,Science,Global COE,Proyecto,A cotizar,solo:Brand Equity Model,ACUMULABLE,1,True,0.0,,0.0,7135.8125,7135.8125,Mediana portafolio,,,,0.0,0.0,0.0,0.0,0.0,0,0,29,,
Curves Base,Curves Base,Curves Base contract: 4 channels/2 updates,Measurement & Attribution,Investment Curves,CSA - Science,Science,Global COE,Contrato,Alto,Investment Curves,ESCALABLE,2,True,0.0,,100.0,6892.005,6892.005,Historico CL,7454.545454545454,6892.005,6892.005,0.0,2.0,0.0,0.0,2.0,0,1,28,2026-06-08,80.0
Curves Update,Curves Update,Curves Update (by conversion:channel),Measurement & Attribution,Investment Curves,CSA - Science,Science,Global COE,Proyecto,Bajo,Investment Curves,ESCALABLE,1,True,0.0,,0.0,545.4545454545454,545.4545454545454,SRP catalogo,545.4545454545454,,,0.0,0.0,0.0,0.0,0.0,0,0,29,,
Geolift,Geolift,Geolift,Measurement & Attribution,Geolift,CSA - Science,Science,Global COE,Proyecto,Medio,Geo Incrementalidad,EXCLUSIVO,1,True,0.0,0.0,0.0,3628.39,3628.39,Historico CL,3909.0909090909086,3628.39,3628.39,0.0,1.0,0.0,1.0,0.0,0,1,28,2025-09-30,331.0
Investment Curves,Investment Curves,Investment Curves (by conversion:channel),Measurement & Attribution,Investment Curves,CSA - Science,Science,Global COE,Proyecto,Bajo,Investment Curves,ESCALABLE,1,True,0.0,0.0,100.0,1271.18,1271.18,Historico CL,999.9999999999999,1271.18,1271.18,0.0,1.0,0.0,1.0,0.0,0,1,28,2026-06-03,85.0
MIM Bayesiano,MIM Bayesiano,MIM Bayesiano,Measurement & Attribution,Attribution,CSA - Science,Science,Global COE,Proyecto,Alto,Atribucion Digital,EXCLUSIVO,1,True,0.0,0.0,50.0,34347.655,34347.655,Historico CL,40000.0,34347.655,34347.655,0.0,2.0,0.0,2.0,0.0,0,2,27,2026-06-05,83.0
MMM Full,MMM Full,MMM Marketing Mix Modeling (without data collection process),Measurement & Attribution,MMM,CSA - Science,Science,Latam COE,Proyecto,Alto,MMM,EXCLUSIVO,1,True,0.0,,100.0,54108.36,54108.36,Historico CL,20545.454545454544,54108.36,54108.36,0.0,1.0,0.0,0.0,1.0,0,1,28,2026-08-05,22.0
Nested MMM+BEM,Nested MMM+BEM,Nested (MMM + BEM) without Data Collection,Measurement & Attribution,Nested Model,CSA - Science,Science,Latam COE,Proyecto,Alto,MMM,EXCLUSIVO,2,True,0.0,0.0,100.0,28181.05,28181.05,Historico CL,31181.81818181818,28181.05,25850.13333333333,0.0,3.0,0.0,1.0,2.0,0,3,26,2026-07-30,28.0
RBA,RBA,RBA,Measurement & Attribution,RBA,CSA - Science,Science,Global COE,Proyecto,Alto,RBA,ESCALABLE,1,True,0.0,,0.0,19454.545454545452,19454.545454545452,SRP catalogo,19454.545454545452,,,0.0,0.0,0.0,0.0,0.0,0,0,29,,
RBA Base,RBA Base,RBA Base contract: model + 3 updates,Measurement & Attribution,RBA,CSA - Science,Science,Global COE,Contrato,Alto,RBA,ESCALABLE,2,True,0.0,,0.0,35000.0,35000.0,SRP catalogo,35000.0,,,0.0,0.0,0.0,0.0,0.0,0,0,29,,
RBA Update,RBA Update,RBA Update,Measurement & Attribution,RBA,CSA - Science,Science,Global COE,Proyecto,Medio,RBA,ESCALABLE,1,True,0.0,,0.0,5272.727272727272,5272.727272727272,SRP catalogo,5272.727272727272,,,0.0,0.0,0.0,0.0,0.0,0,0,29,,
TV Impact Anual,TV Impact Anual,TV Impact Annual contract - Example with 1 Report per month,Measurement & Attribution,TV Impact,CSA - Science,Science,Global COE,Anual,Alto,TV Impact,ESCALABLE,2,True,0.0,,0.0,27090.90909090909,27090.90909090909,SRP catalogo,27090.90909090909,,,0.0,0.0,0.0,0.0,0.0,0,0,29,,
TV Impact per run,TV Impact per run,TV Impact per run,Measurement & Attribution,TV Impact,CSA - Science,Science,Global COE,Proyecto,Medio,TV Impact,ESCALABLE,1,True,0.0,,0.0,5454.545454545454,5454.545454545454,SRP catalogo,5454.545454545454,,,0.0,0.0,0.0,0.0,0.0,0,0,29,,
TV Impact per update,TV Impact per update,TV Impact per update,Measurement & Attribution,TV Impact,CSA - Science,Science,Global COE,Proyecto,Bajo,TV Impact,ESCALABLE,1,True,0.0,,0.0,1999.9999999999998,1999.9999999999998,SRP catalogo,1999.9999999999998,,,0.0,0.0,0.0,0.0,0.0,0,0,29,,
C-GenIA Advanced Anual,C-GenIA Advanced Anual,C-GenIA - Advanced (1000 images) Annual Subscription,Platform Management & Operation,AI Content Creation,CSA - Tech,Creative Tech,Latam COE,Anual,Alto,C-GenIA,ESCALABLE,3,True,0.0,,0.0,56818.181818181816,56818.181818181816,SRP catalogo,56818.181818181816,,,0.0,0.0,0.0,0.0,0.0,0,0,29,,
C-GenIA Advanced Mensual,C-GenIA Advanced Mensual,C-GenIA - Advanced (1000 images) per month,Platform Management & Operation,AI Content Creation,CSA - Tech,Tech,Latam COE,Mensual,Medio,C-GenIA,ESCALABLE,3,True,0.0,,0.0,5272.727272727272,63272.727272727265,SRP catalogo,5272.727272727272,,,0.0,0.0,0.0,0.0,0.0,0,0,29,,
C-GenIA Basic Mensual,C-GenIA Basic Mensual,C-GenIA - Basic (200 images) per month,Platform Management & Operation,AI Content Creation,CSA - Tech,Tech,Latam COE,Mensual,Bajo,C-GenIA,ESCALABLE,1,True,0.0,0.0,100.0,9661.0,9661.0,Historico CL,1636.3636363636363,9661.0,9661.0,0.0,4.0,0.0,2.0,2.0,0,4,25,2026-05-20,99.0
C-GenIA Intermediate Anual,C-GenIA Intermediate Anual,C-GenIA - Intermediate (500 images) Annual Subscription,Platform Management & Operation,AI Content Creation,CSA - Tech,Tech,Latam COE,Anual,Alto,C-GenIA,ESCALABLE,2,True,0.0,,0.0,31999.999999999996,31999.999999999996,SRP catalogo,31999.999999999996,,,0.0,0.0,0.0,0.0,0.0,0,0,29,,
C-GenIA Intermediate Mens.,C-GenIA Intermediate Mens.,C-GenIA - Intermediate (500 images) per month,Platform Management & Operation,AI Content Creation,CSA - Tech,Tech,Latam COE,Mensual,Bajo,C-GenIA,ESCALABLE,2,True,0.0,,0.0,2999.9999999999995,35999.99999999999,SRP catalogo,2999.9999999999995,,,0.0,0.0,0.0,0.0,0.0,0,0,29,,
C-Perform mensual,C-Perform mensual,C- Perform - monthly access,Science Consulting,C- Perform,CSA - Science,Science,Global COE,Mensual,Medio,C- Perform,ESCALABLE,2,True,0.0,,0.0,4090.9090909090905,49090.90909090909,SRP catalogo,4090.9090909090905,,,0.0,0.0,0.0,0.0,0.0,0,0,29,,
Research Ad Hoc,Research Ad Hoc,Research Ad Hoc,Science Consulting,Others Units,CSA - Science,Research,Latam COE,Recurrente,A cotizar,solo:Research Ad Hoc,ACUMULABLE,1,True,0.0,,0.0,7135.8125,7135.8125,Mediana portafolio,,,,0.0,0.0,0.0,0.0,0.0,0,0,29,,
Science Ad Hoc,Science Ad Hoc,Science Ad Hoc,Science Consulting,Ad Hoc Services,CSA - Science,Science,Global COE,Recurrente,A cotizar,solo:Science Ad Hoc,ACUMULABLE,1,True,0.0,0.0,100.0,30377.18,30377.18,Historico CL,,30377.18,30377.18,0.0,1.0,0.0,1.0,0.0,0,1,28,2026-04-17,132.0
ABCD Basic Anual,ABCD Basic Anual,ABCD Detector - Basic (20 Videos) Annual Subscription,Tech Consulting,AI Video,CSA - Tech,Creative Tech,Latam COE,Anual,Medio,ABCD Detector,ESCALABLE,1,True,0.0,,0.0,4727.272727272727,4727.272727272727,SRP catalogo,4727.272727272727,,,0.0,0.0,0.0,0.0,0.0,0,0,29,,
ABCD Basic Mensual,ABCD Basic Mensual,ABCD Detector - Basic (20 Videos) per month,Tech Consulting,AI Video,CSA - Tech,Creative Tech,Latam COE,Mensual,Bajo,ABCD Detector,ESCALABLE,1,True,0.0,0.0,75.0,3487.55,3487.55,Historico CL,636.3636363636363,3487.55,2923.2375,0.0,8.0,0.0,4.0,4.0,0,7,22,2026-07-20,38.0
ABCD Detector (Google),ABCD Detector (Google),ABCD Detector (Google implementation),Tech Consulting,AI Video,CSA - Tech,Creative Tech,Google,Proyecto,Alto,ABCD Detector,ESCALABLE,2,True,0.0,,0.0,6091.0,6091.0,SRP catalogo,6091.0,,,0.0,0.0,0.0,0.0,0.0,0,0,29,,
ABCD Enterprise Anual,ABCD Enterprise Anual,ABCD Detector - Enterprise (500 Videos) Annual Subscription,Tech Consulting,AI Video,CSA - Tech,Creative Tech,Latam COE,Anual,Alto,ABCD Detector,ESCALABLE,3,True,0.0,,0.0,16090.90909090909,16090.90909090909,SRP catalogo,16090.90909090909,,,0.0,0.0,0.0,0.0,0.0,0,0,29,,
ABCD Enterprise Mensual,ABCD Enterprise Mensual,ABCD Detector - Enterprise (500 Videos) per month,Tech Consulting,AI Video,CSA - Tech,Creative Tech,Latam COE,Mensual,Bajo,ABCD Detector,ESCALABLE,3,True,0.0,,0.0,2090.9090909090905,25090.90909090909,SRP catalogo,2090.9090909090905,,,0.0,0.0,0.0,0.0,0.0,0,0,29,,
ABCD Pro Anual,ABCD Pro Anual,ABCD Detector - Pro (100 Videos) Annual Subscription,Tech Consulting,AI Video,CSA - Tech,Creative Tech,Latam COE,Anual,Alto,ABCD Detector,ESCALABLE,2,True,0.0,,0.0,6636.363636363636,6636.363636363636,SRP catalogo,6636.363636363636,,,0.0,0.0,0.0,0.0,0.0,0,0,29,,
ABCD Pro Mensual,ABCD Pro Mensual,ABCD Detector - Pro (100 Videos) per month,Tech Consulting,AI Video,CSA - Tech,Creative Tech,Latam COE,Mensual,Bajo,ABCD Detector,ESCALABLE,2,True,0.0,,0.0,909.090909090909,10909.090909090908,SRP catalogo,909.090909090909,,,0.0,0.0,0.0,0.0,0.0,0,0,29,,
Appcellence,Appcellence,Appcellence,Tech Consulting,App Measurement,CSA - Tech,Tech,Google,Proyecto,Bajo,solo:Appcellence,ACUMULABLE,1,True,0.0,,0.0,2818.181818181818,2818.181818181818,SRP catalogo,2818.181818181818,,,0.0,0.0,0.0,0.0,0.0,0,0,29,,
Audience Strategy,Audience Strategy,Audience Strategy,Tech Consulting,Audience Strategy,CSA - Tech,Tech,Google,Proyecto,Medio,solo:Audience Strategy,ACUMULABLE,1,True,0.0,,0.0,5636.363636363636,5636.363636363636,SRP catalogo,5636.363636363636,,,0.0,0.0,0.0,0.0,0.0,0,0,29,,
Audiencias,Audiencias,Audiencias,Tech Consulting,Audiencias,CSA - Tech,Audiencias,Latam COE,Proyecto,A cotizar,solo:Audiencias,ACUMULABLE,1,True,0.0,,0.0,7135.8125,7135.8125,Mediana portafolio,,,,0.0,0.0,0.0,0.0,0.0,0,0,29,,
Business Inteligence,Business Inteligence,Business Inteligence,Tech Consulting,Ad Hoc Services,CSA - Tech,BI Services,Latam COE,Proyecto,A cotizar,solo:Business Inteligence,ACUMULABLE,1,True,0.0,,0.0,7135.8125,7135.8125,Mediana portafolio,,,,0.0,0.0,0.0,0.0,0.0,0,0,29,,
CRM Ad Hoc,CRM Ad Hoc,CRM Ad Hoc,Tech Consulting,Ad Hoc Services,CSA - Tech,CRM,Latam COE,Recurrente,A cotizar,solo:CRM Ad Hoc,ACUMULABLE,1,True,0.0,,0.0,7135.8125,7135.8125,Mediana portafolio,,,,0.0,0.0,0.0,0.0,0.0,0,0,29,,
CRO UX-UI,CRO UX-UI,Conversión Optimizer UX-UI,Tech Consulting,Convertion Rate Optimization,CSA - Tech,Tech,Google,Proyecto,Alto,solo:Conversión Optimizer UX-UI,ACUMULABLE,1,True,0.0,,0.0,9909.090909090908,9909.090909090908,SRP catalogo,9909.090909090908,,,0.0,0.0,0.0,0.0,0.0,0,0,29,,
CX Ad Hoc,CX Ad Hoc,CX Ad Hoc,Tech Consulting,Others Units,CSA - Tech,CX,Latam COE,Recurrente,A cotizar,solo:CX Ad Hoc,ACUMULABLE,1,True,0.0,,0.0,7135.8125,7135.8125,Mediana portafolio,,,,0.0,0.0,0.0,0.0,0.0,0,0,29,,
Chat2Flow,Chat2Flow,Chat2Flow,Tech Consulting,AI Content Creation,CSA - Tech,Cloud & AI,Global COE,Proyecto,A cotizar,solo:Chat2Flow,ACUMULABLE,1,True,0.0,,0.0,7135.8125,7135.8125,Mediana portafolio,,,,0.0,0.0,0.0,0.0,0.0,0,0,29,,
Churn Prediction,Churn Prediction,Churn Prediction,Tech Consulting,Predictive Modeling,CSA - Tech,Tech,Google,Proyecto,Medio,solo:Churn Prediction,ACUMULABLE,1,True,0.0,,0.0,3454.545454545454,3454.545454545454,SRP catalogo,3454.545454545454,,,0.0,0.0,0.0,0.0,0.0,0,0,29,,
Cloud Ad Hoc,Cloud Ad Hoc,Cloud Ad Hoc,Tech Consulting,Ad Hoc Services,CSA - Tech,Cloud,Latam COE,Recurrente,A cotizar,solo:Cloud Ad Hoc,ACUMULABLE,1,True,0.0,,0.0,7135.8125,7135.8125,Mediana portafolio,,,,0.0,0.0,0.0,0.0,0.0,0,0,29,,
Co-Op 4 All,Co-Op 4 All,Co-Op 4 All,Tech Consulting,E-retailers,CSA - Tech,Tech,Google,Proyecto,Medio,solo:Co-Op 4 All,ACUMULABLE,1,True,0.0,,0.0,4090.9090909090905,4090.9090909090905,SRP catalogo,4090.9090909090905,,,0.0,0.0,0.0,0.0,0.0,0,0,29,,
Converged Report,Converged Report,Converged Report,Tech Consulting,Ad Hoc Services,CSA - Tech,BI Services,Latam COE,Proyecto,A cotizar,solo:Converged Report,ACUMULABLE,1,True,0.0,,0.0,7135.8125,7135.8125,Mediana portafolio,,,,0.0,0.0,0.0,0.0,0.0,0,0,29,,
Creative Tech Ad Hoc,Creative Tech Ad Hoc,Creative Tech Ad Hoc,Tech Consulting,Ad Hoc Services,CSA - Tech,Creative Tech,Latam COE,Recurrente,A cotizar,solo:Creative Tech Ad Hoc,ACUMULABLE,1,True,0.0,,0.0,7135.8125,7135.8125,Mediana portafolio,,,,0.0,0.0,0.0,0.0,0.0,0,0,29,,
Crystal Value,Crystal Value,Crystal Value,Tech Consulting,Predictive Models,CSA - Tech,Tech,Google,Proyecto,Bajo,solo:Crystal Value,ACUMULABLE,1,True,0.0,,0.0,3272.7272727272725,3272.7272727272725,SRP catalogo,3272.7272727272725,,,0.0,0.0,0.0,0.0,0.0,0,0,29,,
Custom Bidding,Custom Bidding,Custom Bidding,Tech Consulting,Custom Bidding,CSA - Tech,Tech,Google,Proyecto,Bajo,solo:Custom Bidding,ACUMULABLE,1,True,0.0,0.0,0.0,6936.1,6936.1,Historico CL,2090.9090909090905,6936.1,6936.1,0.0,1.0,0.0,1.0,0.0,0,1,28,2025-07-27,396.0
DCO Advanced,DCO Advanced,DCO Advanced,Tech Consulting,Dynamic Conversion Optimization,CSA - Tech,Tech,Google,Proyecto,Medio,DCO,ESCALABLE,3,True,0.0,,0.0,4272.727272727272,4272.727272727272,SRP catalogo,4272.727272727272,,,0.0,0.0,0.0,0.0,0.0,0,0,29,,
DCO Basic,DCO Basic,DCO Basic,Tech Consulting,Dynamic Conversion Optimization,CSA - Tech,Tech,Google,Proyecto,Bajo,DCO,ESCALABLE,1,True,0.0,,0.0,1818.181818181818,1818.181818181818,SRP catalogo,1818.181818181818,,,0.0,0.0,0.0,0.0,0.0,0,0,29,,
DCO Intermediate,DCO Intermediate,DCO Intermediate,Tech Consulting,Dynamic Conversion Optimization,CSA - Tech,Tech,Google,Proyecto,Bajo,DCO,ESCALABLE,2,True,0.0,,0.0,3272.7272727272725,3272.7272727272725,SRP catalogo,3272.7272727272725,,,0.0,0.0,0.0,0.0,0.0,0,0,29,,
Data Clean Rooms,Data Clean Rooms,Data Clean Rooms (AdsDataHub),Tech Consulting,Data Clean Rooms,CSA - Tech,Tech,Google,Proyecto,Alto,solo:Data Clean Rooms (AdsDataHub),ACUMULABLE,1,True,0.0,,0.0,8909.090909090908,8909.090909090908,SRP catalogo,8909.090909090908,,,0.0,0.0,0.0,0.0,0.0,0,0,29,,
FTE Cliente directo,FTE Cliente directo,FTE Cliente directo,Tech Consulting,FTE,CSA - Tech,Consulting,Latam COE,Recurrente,A cotizar,solo:FTE Cliente directo,ACUMULABLE,1,True,0.0,,0.0,7135.8125,7135.8125,Mediana portafolio,,,,0.0,0.0,0.0,0.0,0.0,0,0,29,,
Full Value Web & App,Full Value Web & App,Full Value of Web And App,Tech Consulting,App Measurement,CSA - Tech,Tech,Google,Proyecto,Bajo,solo:Full Value of Web And App,ACUMULABLE,1,True,0.0,,0.0,1272.7272727272725,1272.7272727272725,SRP catalogo,1272.7272727272725,,,0.0,0.0,0.0,0.0,0.0,0,0,29,,
Future Customer Values,Future Customer Values,Future Customer Values,Tech Consulting,Predictive Models,CSA - Tech,Tech,Google,Proyecto,Bajo,solo:Future Customer Values,ACUMULABLE,1,True,0.0,,0.0,2090.9090909090905,2090.9090909090905,SRP catalogo,2090.9090909090905,,,0.0,0.0,0.0,0.0,0.0,0,0,29,,
Google Consent Mode,Google Consent Mode,Google Consent Mode (must include a CPM),Tech Consulting,Google Consent Mode,CSA - Tech,Tech,Google,Proyecto,Medio,solo:Google Consent Mode (must include a CPM),ACUMULABLE,1,True,0.0,,0.0,3454.545454545454,3454.545454545454,SRP catalogo,3454.545454545454,,,0.0,0.0,0.0,0.0,0.0,0,0,29,,
LTV Prediction,LTV Prediction,LTV Prediction,Tech Consulting,Predictive Modeling,CSA - Tech,Tech,Google,Proyecto,Medio,solo:LTV Prediction,ACUMULABLE,1,True,0.0,,0.0,3454.545454545454,3454.545454545454,SRP catalogo,3454.545454545454,,,0.0,0.0,0.0,0.0,0.0,0,0,29,,
Licencias GA4 360,Licencias GA4 360,Licencias GA4 360,Tech Consulting,Licencias,CSA - Tech,Consulting,Google,Licencia,A cotizar,solo:Licencias GA4 360,ACUMULABLE,1,True,0.0,0.0,100.0,25314.32,25314.32,Historico CL,,25314.32,30175.190000000002,0.0,5.0,0.0,3.0,2.0,0,5,24,2026-07-20,38.0
META Campaign upload auto.,META Campaign upload auto.,META Campaign upload automation,Tech Consulting,Campaign Automation,CSA - Tech,Tech,META,Proyecto,Alto,solo:META Campaign upload automation,ACUMULABLE,1,True,0.0,,0.0,6727.272727272727,6727.272727272727,SRP catalogo,6727.272727272727,,,0.0,0.0,0.0,0.0,0.0,0,0,29,,
ODO sin E-commerce,ODO sin E-commerce,Online Data Optimization - sites without E-commerce,Tech Consulting,GA4,CSA - Tech,Tech,Google,Proyecto,Medio,ODO,EXCLUSIVO,1,True,0.0,,100.0,3709.0,3709.0,Historico CL,4909.090909090909,3709.0,3709.0,0.0,1.0,0.0,0.0,1.0,0,1,28,2026-06-15,73.0
OO Conv Offline BBDD,OO Conv Offline BBDD,OO: Conv Offline BBDD,Tech Consulting,Omnichannel Optimization,CSA - Tech,Tech,Google,Proyecto,Alto,Conversiones Offline Google,EXCLUSIVO,1,True,0.0,,0.0,13363.636363636362,13363.636363636362,SRP catalogo,13363.636363636362,,,0.0,0.0,0.0,0.0,0.0,0,0,29,,
OO Conv Offline CRM,OO Conv Offline CRM,OO: Conv Offline CRM,Tech Consulting,Omnichannel Optimization,CSA - Tech,Tech,Google,Proyecto,Alto,Conversiones Offline Google,EXCLUSIVO,1,True,0.0,,0.0,11272.727272727272,11272.727272727272,SRP catalogo,11272.727272727272,,,0.0,0.0,0.0,0.0,0.0,0,0,29,,
Predictive Leads Value,Predictive Leads Value,Advanced Predictive Leads Value,Tech Consulting,Predictive Models,CSA - Tech,Tech,Google,Proyecto,Bajo,solo:Advanced Predictive Leads Value,ACUMULABLE,1,True,0.0,,0.0,3272.7272727272725,3272.7272727272725,SRP catalogo,3272.7272727272725,,,0.0,0.0,0.0,0.0,0.0,0,0,29,,
Product Reco Engine,Product Reco Engine,Product Recommendation Engine,Tech Consulting,Predictive Modeling,CSA - Tech,Tech,Google,Proyecto,Medio,solo:Product Recommendation Engine,ACUMULABLE,1,True,0.0,,0.0,3454.545454545454,3454.545454545454,SRP catalogo,3454.545454545454,,,0.0,0.0,0.0,0.0,0.0,0,0,29,,
Purchase Prediction,Purchase Prediction,Purchase Prediction,Tech Consulting,Predictive Modeling,CSA - Tech,Tech,Google,Proyecto,Medio,solo:Purchase Prediction,ACUMULABLE,1,True,0.0,,0.0,3454.545454545454,3454.545454545454,SRP catalogo,3454.545454545454,,,0.0,0.0,0.0,0.0,0.0,0,0,29,,
Retail Discovery AI,Retail Discovery AI,Retail Discovery AI,Tech Consulting,AI Recomendations,CSA - Tech,Tech,Google,Proyecto,Medio,solo:Retail Discovery AI,ACUMULABLE,1,True,0.0,,0.0,5272.727272727272,5272.727272727272,SRP catalogo,5272.727272727272,,,0.0,0.0,0.0,0.0,0.0,0,0,29,,
Segmentacion + CRMint,Segmentacion + CRMint,Advanced Segmentation Cluster with CRMint,Tech Consulting,Predictive Modeling,CSA - Tech,Tech,Google,Proyecto,Medio,solo:Advanced Segmentation Cluster with CRMint,ACUMULABLE,1,True,0.0,,0.0,3454.545454545454,3454.545454545454,SRP catalogo,3454.545454545454,,,0.0,0.0,0.0,0.0,0.0,0,0,29,,
Segmentacion avanzada,Segmentacion avanzada,Advanced Segmentation Cluster,Tech Consulting,Predictive Modeling,CSA - Tech,Tech,Google,Proyecto,Medio,solo:Advanced Segmentation Cluster,ACUMULABLE,1,True,0.0,,0.0,3454.545454545454,3454.545454545454,SRP catalogo,3454.545454545454,,,0.0,0.0,0.0,0.0,0.0,0,0,29,,
TIK TOK Server Side,TIK TOK Server Side,TIK TOK Server Side,Tech Consulting,Server Side Solutions,CSA - Tech,Tech,Tik Tok,Proyecto,Medio,solo:TIK TOK Server Side,ACUMULABLE,1,True,0.0,,0.0,4090.9090909090905,4090.9090909090905,SRP catalogo,4090.9090909090905,,,0.0,0.0,0.0,0.0,0.0,0,0,29,,
Talent2Flow,Talent2Flow,Talent2Flow,Tech Consulting,AI Content Creation,CSA - Tech,Cloud & AI,Global COE,Proyecto,A cotizar,solo:Talent2Flow,ACUMULABLE,1,True,0.0,,0.0,7135.8125,7135.8125,Mediana portafolio,,,,0.0,0.0,0.0,0.0,0.0,0,0,29,,
Topic Mine,Topic Mine,Topic Mine,Tech Consulting,AI Content Creation,CSA - Tech,Tech,Google,Proyecto,Medio,Topic Mine,EXCLUSIVO,1,True,0.0,,0.0,4636.363636363636,4636.363636363636,SRP catalogo,4636.363636363636,,,0.0,0.0,0.0,0.0,0.0,0,0,29,,
Training GA4,Training GA4,Google Analytics 4 (5x sessions),Tech Consulting,Training - GMP,CSA - Tech,Tech,Latam COE,Proyecto,Bajo,solo:Google Analytics 4 (5x sessions),ACUMULABLE,1,True,0.0,,0.0,1272.7272727272725,1272.7272727272725,SRP catalogo,1272.7272727272725,,,0.0,0.0,0.0,0.0,0.0,0,0,29,,
Training GCP+BQ,Training GCP+BQ,GCP + BQ (5x 1‑hour sessions each),Tech Consulting,Training - Cloud,CSA - Tech,Tech,Latam COE,Proyecto,Bajo,solo:GCP + BQ (5x 1‑hour sessions each),ACUMULABLE,1,True,0.0,,0.0,1272.7272727272725,1272.7272727272725,SRP catalogo,1272.7272727272725,,,0.0,0.0,0.0,0.0,0.0,0,0,29,,
Training LookerStudio,Training LookerStudio,LookerStudio (5x 1‑hour sessions each),Tech Consulting,Training - GMP,CSA - Tech,Tech,Latam COE,Proyecto,Bajo,solo:LookerStudio (5x 1‑hour sessions each),ACUMULABLE,1,True,0.0,,0.0,1272.7272727272725,1272.7272727272725,SRP catalogo,1272.7272727272725,,,0.0,0.0,0.0,0.0,0.0,0,0,29,,
VIGenAIr,VIGenAIr,VIGenAIr,Tech Consulting,AI Content Creation,CSA - Tech,Tech,Google,Proyecto,Alto,solo:VIGenAIr,ACUMULABLE,1,True,0.0,,100.0,4944.58,4944.58,Historico CL,6454.545454545454,4944.58,4944.58,0.0,1.0,0.0,0.0,1.0,0,1,28,2026-06-25,63.0
Value Centric Measurement,Value Centric Measurement,Value Centric Measurement,Tech Consulting,Campaign Automation,CSA - Tech,Tech,Google,Proyecto,Bajo,solo:Value Centric Measurement,ACUMULABLE,1,True,0.0,,0.0,1636.3636363636363,1636.3636363636363,SRP catalogo,1636.3636363636363,,,0.0,0.0,0.0,0.0,0.0,0,0,29,,
Whatsapp Conversions Impo.,Whatsapp Conversions Impo.,Whatsapp Conversions Import,Tech Consulting,Whatsapp - Measurement,CSA - Tech,Tech,Google,Proyecto,Bajo,solo:Whatsapp Conversions Import,ACUMULABLE,1,True,0.0,,0.0,1818.181818181818,1818.181818181818,SRP catalogo,1818.181818181818,,,0.0,0.0,0.0,0.0,0.0,0,0,29,,
